tag,ordering,alg,B,seed,Nlike_used,wall_time_s,N,neff,eta,stop,logZ,logZ_se,P_upper_octant,kamland_energy_scale_mean,kamland_energy_scale_sd,kamland_flux_scale_mean,kamland_flux_scale_sd,kamland_geonu_scale_mean,kamland_geonu_scale_sd,nc_norm_mean,nc_norm_sd,nutau_cc_norm_mean,nutau_cc_norm_sd,dm21_mean,dm21_sd,dm31_mean,dm31_sd,dcp_mean,dcp_sd,th12_mean,th12_sd,th13_mean,th13_sd,th23_mean,th23_sd
nu_dakami_IO,IO,is,50000.0,11,50000.0,625.4068902,50000,4.045537400142695,8.091074800285391e-5,budget,-510.24957857113293,NaN,0.9274711704348364,-0.4841203414099452,0.7350467428223411,0.4831024536853206,0.5334438934859221,-0.08630745415010585,0.18923143503147097,0.8080815933062921,0.13291547761718195,1.0184538920915018,0.08823654763688156,7.723916310841016e-5,1.520659113595502e-6,-0.0024882378702790983,5.986338753317811e-5,1.8056322928488016,1.7300650221654175,0.5990280764638163,0.03063704841336767,0.14906613974625554,0.0016593322664519535,0.913149263884616,0.06345295527480625
nu_dakami_IO,IO,is,50000.0,23,50000.0,964.5856205,50000,4.830513133494471,9.661026266988943e-5,budget,-511.3310167437496,NaN,0.8709331107827412,-0.3827302499833172,1.141371415494763,0.5994118330622633,0.82929903624983,-0.005867585192442654,0.1965778967093989,0.8119646191236409,0.0946833618553611,1.0056626912620374,0.15006612341855907,7.704218945588663e-5,3.328859327856919e-6,-0.0024751079040855146,8.523477983408845e-5,1.7638577202677865,1.8146946473085845,0.6162330634444882,0.037577862382406485,0.14935320274088348,0.003032638942212508,0.872463542997776,0.08767777081586504
nu_dakami_IO,IO,is,50000.0,41,50000.0,572.2066838,50000,1.7098300822051042,3.419660164410209e-5,budget,-511.18550139274424,NaN,0.9116894338248072,0.1738542620773529,0.49888556962707264,0.6722988320444858,0.5547965691664575,-0.048053584129844826,0.12877108599775772,0.944284895042806,0.07252288460377933,0.9547354569712603,0.1196647795231911,7.80932624069692e-5,1.228097447621491e-6,-0.0024486750328342934,4.1833250110453464e-5,0.880546165881092,1.658674837584403,0.5927511547393816,0.035438047994771224,0.14385079717658664,0.0032106815559778427,0.9033518617890965,0.07789525286771712
nu_dakami_IO,IO,mh,50000.0,11,50000.0,550.8678124,48492,44.51066791416734,0.0008902133582833468,budget,NaN,NaN,0.6659655200857866,-0.12070844506513266,0.9049079003293747,0.6346706774131365,0.9103612506104266,0.0383457499966821,0.2215357651869788,0.860599628814569,0.130845425422481,1.0127652691436628,0.19332223859773506,7.713675260508527e-5,2.209091434409451e-6,-0.0024598391279471547,5.8720695221809185e-5,3.237387926189651,1.8842169103611914,0.6046639970402266,0.040298721237471205,0.1486013216684231,0.002948447178259081,0.8407453967994946,0.1292895727986501
nu_dakami_IO,IO,mh,50000.0,23,50000.0,929.7792516,48492,38.72997153606342,0.0007745994307212684,budget,NaN,NaN,0.6512208199290597,0.0360538545438886,0.9856077112029138,0.5621945888929285,0.9447850283209223,0.02572929073532887,0.22959708227039732,0.8565981100448875,0.1313777724460678,1.0041564979119384,0.20033709132020747,7.751421544119255e-5,2.2564884656346613e-6,-0.002457758765948558,5.824820245383155e-5,3.210951733284945,1.786199825006705,0.6016118430673134,0.041954655739632384,0.14859128312254033,0.0029479927231565763,0.839224905427074,0.13048029592687965
nu_dakami_IO,IO,mh,50000.0,41,50000.0,505.1879471,48492,28.451428519378844,0.0005690285703875769,budget,NaN,NaN,0.5450177348841043,0.05848431451840026,0.9852054668235019,0.5695657886495336,0.935403125271201,0.046078153116198214,0.22625389998897769,0.8653458540355828,0.13247253254328217,0.9960763765588556,0.19928062876989144,7.751735283004275e-5,2.284902388856263e-6,-0.002458684185314696,5.7911880020670534e-5,2.662094823749424,1.7471511898304368,0.6016669904267825,0.04268848302988145,0.1486054964943162,0.0029866221377699946,0.8096246922657984,0.13636437235811688
nu_dakami_IO,IO,mw,50000.0,11,37750.0,390.3822882,9538,4101.928071551058,0.10866034626625318,T_max,-511.39354175100556,NaN,0.6228919215371096,0.012706294434828645,0.9265435316595423,0.5941303484281621,0.9167624145224381,0.036712884900349796,0.2225736335388053,0.8593901729534299,0.13099413242567637,1.0024243445152052,0.1969322925816255,7.737496168576751e-5,2.2722655040612613e-6,-0.0024582461811707974,5.654060178960552e-5,2.96490358487936,1.7798293743636122,0.6020758691346565,0.04060659762521109,0.1484963973440689,0.0028175947803873312,0.8306819546805373,0.13278072165134214
nu_dakami_IO,IO,mw,50000.0,23,36634.0,553.2810037,8422,3834.6645345807374,0.10467501595732755,T_max,-511.41803379370333,NaN,0.6330867855552189,-0.003084444750613577,0.9259966790688778,0.5861599483133384,0.9040244967763807,0.0333363135757896,0.21769736435104886,0.8606770873944685,0.13176571914303292,0.9960701795882252,0.1998310662410172,7.737220607217246e-5,2.2449775587483246e-6,-0.0024563239032142055,5.409334648825795e-5,2.990988118828974,1.7866340244720351,0.6019333696103586,0.03955558463213905,0.1486164323184213,0.0028545534395489104,0.8334992533408307,0.1318555102753641
nu_dakami_IO,IO,mw,50000.0,41,35953.0,294.5040639,7741,3170.3760687717727,0.08818112727093073,T_max,-511.44715618356827,NaN,0.6098831371912676,0.04577778478073704,0.9044361571074511,0.5796605834365488,0.9074589054308841,0.03275726519741439,0.22045988613960243,0.8630244482928672,0.13321683813189367,1.0033038493785682,0.19568189901939986,7.743318572593247e-5,2.225302894988469e-6,-0.0024567520105451676,5.3678220920188844e-5,2.9840016479572284,1.785781320238604,0.601794388927227,0.03951011815172927,0.1485713128795312,0.0028188375084200463,0.8271239007633207,0.133451838711402
nu_dakami_IO,IO,ns,50000.0,11,43619.0,544.6638378,10277,2.810461325144175,6.443204395204325e-5,budget,-510.9905080342855,0.05368153939276144,0.8654628702508788,-0.5313542215025837,1.1634967957758267,0.869702085066828,0.8976367699036357,0.3544039227562941,0.20135687651471204,0.9226601646978813,0.07936974083233926,0.9677318618151572,0.1657863588482615,7.728881779334859e-5,1.4478656460335193e-6,-0.0024826192079726805,4.4785639615732393e-5,4.180321984759955,1.7452680260672726,0.6331450562302694,0.0634883395898512,0.14699146583577596,0.0017744229050895416,0.9071976890714146,0.0900856965757431
nu_dakami_IO,IO,ns,50000.0,23,43541.0,851.1220336,10209,10.492625700941433,0.00024098265315315297,budget,-512.2505286769025,0.050118236796920186,0.9079827929869958,0.4906501719241685,1.1145787059001193,0.22104207447161262,0.7577675838605032,0.049670704253566164,0.26631452098049413,0.864379292568694,0.13879579030577383,1.031790983818221,0.27129666079452747,7.956094063276457e-5,2.5788961427671325e-6,-0.002487276138396177,6.799807774447517e-5,2.9516683863699833,1.6382376214126904,0.60051836889668,0.042480220274181184,0.147906330598424,0.0036176022642585956,0.9022406175720887,0.08816207755167571
nu_dakami_IO,IO,ns,50000.0,41,43527.0,471.2687036,10192,5.603830733788211,0.00012874378509403843,budget,-512.6609364945006,0.0509855801277603,0.638668479406465,-0.27558393336134984,0.9431140438146303,1.231348294389931,0.9133897420700198,-0.0335802575565171,0.2589221417823915,0.8080456576559676,0.12708033757859263,0.819307539814448,0.27273454575889444,7.642989686959034e-5,2.1430125616747733e-6,-0.002425260714413221,7.272897384640663e-5,2.6622299560360547,1.5598003698153167,0.6350513191832595,0.060820195767349386,0.1486453180868152,0.003564082575347086,0.7949068516958366,0.1252960293982256
nu_dakami_IO,IO,is,500000.0,11,500000.0,10219.3924949,500000,25.925713940660728,5.1851427881321454e-5,budget,-511.39527299691014,NaN,0.5966706499883454,-0.039499218970068556,0.9406660061386308,0.46498297015516254,0.9565396180907335,0.03322719527462707,0.24288784807582048,0.8345166720207478,0.14499745794442156,1.0126686307635533,0.17588148675198192,7.733805604836145e-5,2.1701107801395977e-6,-0.0024714091165041353,6.32840596550633e-5,2.7030992530206905,1.8665525318183642,0.6007041272493772,0.042376984275874705,0.14861882020908418,0.0028064186783105342,0.8285964243998911,0.13066973714764255
nu_dakami_IO,IO,mh,500000.0,11,500000.0,6713.6077084,484992,330.97515864984365,0.0006619503172996873,budget,NaN,NaN,0.619006086698337,0.010409014037973613,0.9957132367362521,0.6183827088663617,0.924272045014146,0.03847275491420295,0.2232151678884849,0.8645095524884256,0.13249630519224295,1.0019682869195232,0.19824867629719803,7.736932542148194e-5,2.284185284005792e-6,-0.002458598378248301,5.759125848529552e-5,3.0293694921000274,1.8230106021120924,0.6037418936205599,0.04163807701085039,0.14853706937300437,0.0028552310715375547,0.8291918071063409,0.13261015190455028
nu_dakami_IO,IO,mh,500000.0,23,500000.0,9773.9550257,484992,402.59635239639806,0.0008051927047927961,budget,NaN,NaN,0.6071605304829766,0.010334816052536715,0.9886412098607826,0.600737649839945,0.906441024220874,0.03536225176174483,0.22320551890305396,0.8611350366904009,0.13185697888462694,0.9972185664249449,0.19426790658276089,7.74028540179418e-5,2.2618442978531898e-6,-0.0024572415542217342,5.737556982310731e-5,3.0084628523701995,1.8045265037226808,0.6025402748410487,0.040486567708979876,0.1485935284912825,0.0028277078666059242,0.8262901593058086,0.1329178913618839
nu_dakami_IO,IO,mh,500000.0,41,500000.0,5317.8795737,484992,404.19013603093083,0.0008083802720618617,budget,NaN,NaN,0.5888262074425967,-0.005687990513275627,0.9892719336339134,0.6029570089544705,0.9318145958432328,0.04031857064282965,0.22311108829643436,0.8655252763586934,0.1327382670415707,1.0001743441117354,0.1957349182758268,7.737605825900576e-5,2.274554014419091e-6,-0.0024573916004702553,5.709228960885105e-5,2.955628905354475,1.794609676864242,0.6027507576666402,0.042087292633694214,0.14857635410791598,0.0028373383980093473,0.8202677515004962,0.133770340735441
nu_dakami_IO,IO,mw,500000.0,11,115391.0,984.1533729,3297,2018.0695478172745,0.017488968358167226,T_max,-511.5028521329335,NaN,0.6278391644973323,-0.058251337592308244,0.93939529044062,0.5875441649920028,0.8759507869751081,0.021207278016090653,0.21747889425993092,0.8583208358351826,0.13205433688736645,0.9986795752040605,0.18829771551962018,7.725499901758624e-5,2.2640510831436587e-6,-0.00246321255615035,5.555811509541315e-5,2.8807255365103597,1.7574119377707638,0.6014956226073727,0.03833798963805361,0.14849487300862851,0.0027958697213724603,0.8323618609499596,0.1352879233193604
nu_dakami_IO,IO,mw,500000.0,23,115086.0,884.3227351,2992,1957.6505328415358,0.01701032734512917,T_max,-511.5544434321749,NaN,0.6019353584275995,-0.038998634370135066,0.874060376991028,0.5982155824059712,0.8748300670434335,0.02952767573831007,0.2125040116424997,0.8551149223839035,0.1282484549643367,0.998374143589069,0.18421329108503817,7.730905247373718e-5,2.1856350744919117e-6,-0.0024611433635853075,5.41169094188673e-5,2.9212456860759914,1.7279888086241677,0.6018220424471068,0.0376003175688609,0.14849867262472496,0.002911954818836954,0.8263393453816097,0.13613828319640983
nu_dakami_IO,IO,mw,500000.0,41,114864.0,782.2300521,2770,1248.9451998714646,0.010873251844541933,T_max,-511.5499085868003,NaN,0.6402508157218575,-0.02726171673530596,0.9453534384777598,0.5688115935235067,0.8470122162111143,0.02451970644975822,0.21074890405208463,0.8567969969268305,0.1284506022791495,0.9939966224555152,0.18331940619811626,7.725032243410457e-5,2.2466534547968826e-6,-0.0024638484069631804,5.378519735434388e-5,2.846120586408593,1.6935000380727712,0.6003094668246043,0.03716720908742735,0.14860437345057037,0.0028015808562418493,0.8356369707098579,0.13559934049410785
nu_dakami_IO,IO,ns,500000.0,11,342993.0,4743.2173321,19325,76.56788827444232,0.0002232345507763783,maxcall,-509.8299600173902,0.05090169712394352,0.4277874838785611,0.1417481961097362,0.8621264923311558,0.5876225864958965,0.8282133708210884,-0.00975370083732726,0.22764671876298245,0.8559704570664559,0.13714029792668453,0.9939870021350062,0.19076871866363665,7.768794220343543e-5,2.22973837455729e-6,-0.0024517295060973573,5.655285528008586e-5,3.184350698461039,1.7592631707864068,0.600008853102796,0.037677935734928454,0.1487180483902081,0.0025952550137333334,0.7694636263001241,0.13102286925385676
nu_dakami_IO,IO,ns,500000.0,23,343045.0,1814.2739014,19389,74.4926339594542,0.00021715120161918755,maxcall,-509.7688630455156,0.0505258716762761,0.6806748237478614,-0.02735424062253028,0.9343046059994301,0.5508570627386531,0.9388216823946278,0.062336912614213945,0.2066106428817118,0.8791527580021437,0.13241970352647792,0.9893500699837502,0.18046486329471254,7.757887521354349e-5,2.259285138865603e-6,-0.002453278840497018,5.5222772057470534e-5,3.0710199303881924,1.6143101935638673,0.6019028149472865,0.03831504507870835,0.1483985655665636,0.0029278202932133805,0.8418411973639575,0.1237519409074538
nu_dakami_IO,IO,nuts,500000.0,11,450313.0,5365.9089975,937,53.283168231584625,0.00011832473908500227,budget,NaN,NaN,0.5580404685835999,0.023825477042259385,0.9387442540362657,0.58227719567051,0.9493261687485286,0.027385924379588276,0.22513714634437187,0.8621367765555622,0.1325231215413067,0.9929258080323732,0.19794936092618126,7.746802910544254e-5,2.330748663124482e-6,-0.0024569043168279512,5.701157820073241e-5,2.731632585639793,1.7517354782024455,0.6032016951405547,0.04393885105438638,0.14844507299282872,0.002755868085886768,0.8113645900874732,0.13717840915564247
nu_dakami_IO,IO,nuts,500000.0,23,450241.0,2823.6283501,700,44.757776685014875,9.940848719911087e-5,budget,NaN,NaN,0.6894586894586893,-0.040707827820834784,0.8983233343396686,0.6833331698048684,0.8653501386401222,0.03821527929452905,0.2247868519771652,0.8573742516104963,0.12515218294455188,1.00245228799953,0.19725951135138606,7.736540975166541e-5,2.265506642349362e-6,-0.002457485198256453,5.6647580621955315e-5,2.9529937585994452,1.7250267688992125,0.6066503596614728,0.040588585430891985,0.14856641291708783,0.0028507575582430137,0.8452851399082668,0.12798514221842003
nu_dakami_IO,IO,ns,4.0e6,11,850365.0,8763.9236365,38829,18398.09503383681,0.021635527136978604,dlogz,-509.1673540239132,0.05058293525769195,0.579961504336468,-0.0031437919444908713,0.8938004127437091,0.503348484652673,0.8378198544813671,0.017908179188802702,0.19505457710597301,0.8655436497331649,0.12200831712211073,0.9982205945711842,0.18285096663488085,7.747133441249907e-5,2.0519749629203657e-6,-0.0024594970135544568,5.32085639681353e-5,2.8784786566415614,1.7774065504820455,0.599035348234136,0.03751876509414329,0.14853977597163084,0.002501872448369203,0.8191285150238667,0.13441929166395866
nu_dakami_NO,NO,is,50000.0,11,50000.0,640.0549318,50000,1.5081435677366464,3.016287135473293e-5,budget,-509.34783876304556,NaN,0.9736433757126354,-0.6205375517169913,0.5751477521522417,0.17534946770138757,0.29731823475884583,-0.03697815709556282,0.0835977638317738,0.7208894788516543,0.08876697677426752,0.9824560316536491,0.0924653910816102,7.729695954624385e-5,1.1098241285988544e-6,0.002486518348222071,4.302921014258299e-5,0.7688847761028593,1.5673185816558513,0.5807556813948391,0.017916539370210604,0.14820552443683907,0.0012706323502775724,0.9112339790681496,0.03998877528076243
nu_dakami_NO,NO,is,50000.0,23,50000.0,988.8554555,50000,7.260805063591858,0.00014521610127183718,budget,-511.1602572332635,NaN,0.8051515736340182,-0.4703591130113457,0.9382861593817022,0.7515174265517344,1.0139183654366213,0.04051416654630838,0.21380881051704811,0.8094708114503477,0.10253017378935686,1.0945223036754244,0.1756209363701457,7.703286479673276e-5,2.5844611743878665e-6,0.0024903279441937146,5.1452135357763444e-5,3.1957848221492364,2.4119187789730407,0.6337030463938744,0.05162592935353323,0.1490076037458745,0.0031935219542808015,0.8598697916957703,0.08951916999018432
nu_dakami_NO,NO,is,50000.0,41,50000.0,530.1800121,50000,2.010289200064568,4.0205784001291356e-5,budget,-510.517530438251,NaN,0.8970533066579958,-0.05817794580629915,0.6798279124638055,0.6250279862567825,0.5100928915012579,-0.05786747997265165,0.10601796002851616,0.9331027258565805,0.08381989273871973,0.9308689058567651,0.10279651993563844,7.787246221074166e-5,1.575062325781615e-6,0.0025391242299726566,3.82576067945759e-5,1.0980874498018072,1.71143149151112,0.5895386273339365,0.0348098668667142,0.14491158620390765,0.004051243217180984,0.8921801432110965,0.07772904140917052
nu_dakami_NO,NO,mh,50000.0,11,50000.0,893.99172,48492,72.88507484492239,0.0014577014968984478,budget,NaN,NaN,0.5531634083972612,-0.04400824007760351,0.9605336093703034,0.6216780798872517,0.9263091525389747,0.01108814394418509,0.22366950438276512,0.8622130310471913,0.13076212407643403,0.9948453988767787,0.19881522244942776,7.725828112185263e-5,2.260957848281462e-6,0.00252423171850353,5.547741982226064e-5,2.9192969143868748,1.8252534599881471,0.6029682080382384,0.04158105498034523,0.14844972746217455,0.0029069771231273454,0.8098227165810821,0.12139263967675153
nu_dakami_NO,NO,mh,50000.0,23,50000.0,566.735178,48492,43.347167754549595,0.0008669433550909919,budget,NaN,NaN,0.6689969479501764,0.059125093520058805,0.9595965034944964,0.48714204553156615,0.9714965368322444,0.0412803210888969,0.22940901273741843,0.8607323278518983,0.1337099650327517,0.9904788043919959,0.18462133402431802,7.744558396580154e-5,2.192310238718811e-6,0.002525482669769566,5.5830571490172154e-5,3.0053919177569535,1.8080481461671072,0.598314080615295,0.041708605477856264,0.1484205008631811,0.002972245053618615,0.8381168403765838,0.11392397102172874
nu_dakami_NO,NO,mh,50000.0,41,50000.0,650.4042117,48492,42.7928564498382,0.0008558571289967639,budget,NaN,NaN,0.6486843190629374,-0.023037719359494085,0.9745024359121396,0.5529801184299796,0.9537685987233531,0.05568705867114221,0.2233563068079369,0.8603027318948828,0.1368352097081633,0.9955608620620467,0.20291847688432105,7.744701269864283e-5,2.3256894018788056e-6,0.002526990265595189,5.658929950295372e-5,2.7582618726954538,1.8067322579719622,0.5993577977587877,0.041203077385862936,0.14845033613027767,0.0029674646888816695,0.8325443738683322,0.11808793577103462
nu_dakami_NO,NO,mw,50000.0,11,38028.0,758.5818978,9457,3438.69777833839,0.09042541754334675,T_max,-510.98917726602264,NaN,0.6143225889786451,0.017603781568780758,0.9149226408335893,0.5389363822936303,0.9156516619752024,0.026990582949457075,0.2218601906031472,0.8603994867886267,0.13121703646011507,0.9952568873992106,0.1947501875778888,7.741691593161357e-5,2.2204827004286356e-6,0.0025247371911128512,5.2980745736778045e-5,2.946176283698292,1.8204911655640859,0.599733607028625,0.04030327174656025,0.14841036005527866,0.002845982962845413,0.8243632468653264,0.11852537459269356
nu_dakami_NO,NO,mw,50000.0,23,38485.0,442.6731508,9914,3171.9518190044655,0.08242047080692388,T_max,-511.0180076749815,NaN,0.5789422249908864,0.022213415357250216,0.9305547264520228,0.5363657460086317,0.900230162245246,0.032546839895081545,0.2210179314487551,0.8616150177391932,0.12872067314005747,1.0051861396867612,0.19464566687372536,7.746212552666956e-5,2.2694474962184254e-6,0.0025216660977749315,5.4420831688924114e-5,2.991970556592751,1.8413323345329342,0.5993835065050366,0.03903560134850194,0.14845564480041923,0.002853418593743328,0.8143924338086588,0.11975776439580547
nu_dakami_NO,NO,mw,50000.0,41,38812.0,2139.9888917,10241,2975.0901407503015,0.07665387356359635,T_max,-510.99689065857297,NaN,0.6298460164170927,0.03300124449037284,0.9354184925409429,0.5620438982398523,0.9325344301585454,0.03556275185078338,0.22422614971107563,0.8574332033368682,0.13156169791255426,1.001370134776417,0.19951136919692802,7.742665695309201e-5,2.2105372346525766e-6,0.0025245332227532137,5.394004275098236e-5,3.0313418559351435,1.8554397030822967,0.6010160890641565,0.04229347698843579,0.14840404600037752,0.0028424299894242605,0.8280403320861045,0.11685859292228122
nu_dakami_NO,NO,ns,50000.0,11,41133.0,869.7031242,7788,2.856039362429172,6.943425868351863e-5,budget,-511.60222161464503,0.05101011927863783,0.05167182546328487,-0.8893911307779299,0.7661008171864288,0.2049727193724622,0.7601551162896882,0.06290110105413278,0.2770797808597739,0.8208472422626132,0.12055887695035301,0.9601230556698913,0.09899200528584032,7.661590799403902e-5,1.5301391485284659e-6,0.0024909359104252063,5.738200742041086e-5,3.193709789855079,1.0211052379163443,0.6075495929528174,0.028533000226065055,0.14981340966225185,0.0034560682422298855,0.6802671453325854,0.07090161731260174
nu_dakami_NO,NO,ns,50000.0,23,43541.0,550.2971826,10197,6.333474304408505,0.0001454600102066674,budget,-510.9747034245202,0.0515348965286595,0.7154561975004352,-0.3170608603502569,0.7225881766368969,0.8313453880502824,1.0600313309737757,0.048315559297537045,0.23235344966841112,0.8164765586296201,0.10653382133113702,1.0195183734943762,0.21892216813660387,7.670744467093307e-5,2.100697835176094e-6,0.0025299055534783676,4.770590265357715e-5,4.076301051628902,1.5402284198521448,0.6185114736359996,0.04902984479665634,0.1481964845602881,0.0031192694272422555,0.8167210381771887,0.08473350194049002
nu_dakami_NO,NO,ns,50000.0,41,41055.0,470.5996396,7707,5.148052926334046,0.00012539405495881246,budget,-511.29181721443564,0.049740131466185375,0.5949728738622067,-0.2913037997518812,1.6928648569524314,-0.06659460140329562,0.5529509587226845,-0.16853598177260717,0.2088871298159748,0.8730400561877382,0.1467406502466967,0.9532489079042831,0.23655955325529215,7.81290307546836e-5,3.592161875714663e-6,0.002538443498518537,4.0208351506890745e-5,3.934007339090563,1.4510976711272552,0.5625541988237817,0.03312575912063122,0.14978124611315158,0.003771407138962973,0.8260513514294568,0.13002703971768578
nu_dakami_NO,NO,is,500000.0,11,500000.0,6362.0711341,500000,9.846483951511697,1.9692967903023393e-5,budget,-510.61962123058356,NaN,0.6581153430149452,-0.2222373349600271,0.8949759087419437,0.3629906237248374,0.7958789700423945,0.02870850288807568,0.19864231613723513,0.8214629526233066,0.15053551886713315,0.96266240866746,0.1678085903424923,7.732560671538791e-5,2.0976916898519454e-6,0.0025044475495245005,5.066835459028821e-5,2.1613217494842756,1.9975583841960802,0.595117731949967,0.037519204901957676,0.14804797280429574,0.002411746060212719,0.8322927771365206,0.11130720600275881
nu_dakami_NO,NO,mh,500000.0,11,500000.0,5995.0305817,484992,594.1251804105018,0.0011882503608210036,budget,NaN,NaN,0.5966943784639746,0.0128077806438078,0.9751090047978362,0.5636176204295045,0.9231100379947886,0.029343058811163773,0.22613597010531786,0.8637093176657902,0.13112700388022047,1.0072481929937398,0.19504041747003967,7.739770011453918e-5,2.273623605205323e-6,0.002525559348728307,5.462833932106517e-5,2.9910899595267963,1.8507044530984922,0.6003252172277214,0.040391102624054515,0.14840952235048083,0.0028117906086600063,0.8197142418363257,0.11977996901357346
nu_dakami_NO,NO,mh,500000.0,23,500000.0,6112.8489219,484992,644.1909847406718,0.0012883819694813434,budget,NaN,NaN,0.6191627903140668,0.0067304997780723436,0.9747100020569576,0.5472340366365211,0.9094129951884967,0.029077187336380837,0.2244157310115105,0.8602653720696207,0.1330562073145735,0.9904019248784206,0.19102927046926765,7.742024571207231e-5,2.269203495865086e-6,0.0025263452335109694,5.530920492604708e-5,2.909554820522868,1.8219436503162323,0.5993395997904808,0.03940990638022592,0.1484112591553672,0.002833426313674118,0.8250286300509737,0.11931877046707999
nu_dakami_NO,NO,mh,500000.0,41,500000.0,5217.5709648,484992,694.4054370642767,0.0013888108741285535,budget,NaN,NaN,0.6109935833993138,0.007413306251431152,0.9964248155971434,0.5378686906171602,0.9263074357909039,0.03819610863841652,0.2263354666768351,0.8629991712718451,0.13285234936600387,0.9974456590012724,0.19849266162872944,7.740152767357272e-5,2.2964481254626152e-6,0.002525833090845489,5.5121621277430275e-5,3.0542898380349985,1.8452213957227666,0.599264761580143,0.040727357367473994,0.1484126671064565,0.0028326500304973164,0.8226648577478186,0.1192732141893979
nu_dakami_NO,NO,mw,500000.0,11,117567.0,1001.9544037,3966,2275.831879529363,0.01935774392073765,T_max,-511.0738689227711,NaN,0.6140785561024376,0.02498411808537262,0.9411028431499779,0.4744043019118037,0.8956716249518983,0.03463835166085384,0.2160070449625085,0.864635017556133,0.13132547737551367,0.9917197381494558,0.19022158688512494,7.744483936102502e-5,2.3129751388139563e-6,0.0025292994886172743,5.3348401867497014e-5,2.959150853595999,1.8263892184363117,0.5961745911488372,0.037652267928970765,0.14834223874408065,0.002849143232512474,0.822985145215539,0.12067361430837074
nu_dakami_NO,NO,mw,500000.0,23,117693.0,899.8331785,4092,2191.018014525546,0.01861638342573939,T_max,-511.09297354163164,NaN,0.625952173437475,0.060377739053853706,0.9430412550732982,0.544315123668671,0.8866711327410091,0.03240419384228624,0.21785625971996836,0.8660776390720359,0.13159235023243118,0.9931772169198894,0.19446066854705296,7.748941634137457e-5,2.273676088141782e-6,0.0025257652438209254,5.4431607179063946e-5,2.892294288165486,1.7819342222671284,0.5989779844741339,0.03740902645209236,0.1482406765533918,0.002890754623413932,0.8274835303758279,0.11814841075647561
nu_dakami_NO,NO,mw,500000.0,41,118203.0,801.4830036,4602,2232.179578460079,0.01888428871060869,T_max,-511.0904449848116,NaN,0.6524849423780877,0.06951551220870308,0.9251484612101946,0.5023864668573057,0.8577643836698537,0.028417454807883127,0.2207714000382491,0.8572305199897339,0.12958582930507928,1.0021069244391252,0.19286349181413595,7.748104756335976e-5,2.268532527041429e-6,0.002523955955119277,5.291396708886123e-5,2.9664465935642927,1.817953664444448,0.5971887961805896,0.036005430929255816,0.1483677719485204,0.002829229581396253,0.8346593678676721,0.11409782662949983
nu_dakami_NO,NO,ns,500000.0,11,345302.0,5920.632569,21643,212.2045405077024,0.0006145476727841205,maxcall,-509.6096552786249,0.050540383942295125,0.6202331940041532,0.04489356237177099,0.9499965222904178,0.524687187424087,0.8982466498019874,0.02954158676300514,0.22339932036316248,0.8739690698126056,0.12814261533397991,1.0094694793476218,0.19556396896618486,7.733403581807572e-5,2.1966420134370937e-6,0.0025256093041017835,5.575701611429476e-5,3.229074088014264,1.72163841492726,0.5994472378337051,0.03994378353728629,0.14826664043233218,0.0028409702697687607,0.8279327534521501,0.11454020413499857
nu_dakami_NO,NO,ns,500000.0,23,345323.0,2172.8546542,21654,157.65527814902921,0.00045654438930806584,maxcall,-509.4542987606504,0.05105882395379842,0.5567732987084378,0.06995356586201296,0.9827391370376286,0.602851743686697,0.9025472465526716,0.01748691864458834,0.2071889509342281,0.8740845191319413,0.12325587132255227,1.0195631559818075,0.1841356886003146,7.762465760210504e-5,2.364304554697782e-6,0.0025226901461825337,5.2408477729832016e-5,2.650625837739242,1.6509403316603906,0.6009978307264336,0.037332235198145984,0.14830059705898335,0.0028167350451463527,0.8152581565089678,0.12335006669385908
nu_dakami_NO,NO,nuts,500000.0,11,460858.0,5135.5527997,944,122.7795705161706,0.0002664151875765867,budget,NaN,NaN,0.6194503171247359,0.0005021084974461134,0.993324869738993,0.5112119308306392,0.9430952932010513,0.046301070935868334,0.2288477111211985,0.8621714584084648,0.1301930741894474,1.0093839532379747,0.2035893530805535,7.731106299386778e-5,2.3334101322199968e-6,0.0025233754393163233,6.071786920018663e-5,3.09489653355178,1.7676640897261628,0.5979719058078339,0.04025058716809806,0.14840674811870339,0.0029006485970777237,0.8252778847595799,0.11694888511529321
nu_dakami_NO,NO,nuts,500000.0,23,450452.0,2915.756282,745,83.01887565309202,0.00018430126995349564,budget,NaN,NaN,0.6804812834224595,0.021512283249708827,0.9603263898149045,0.6157158614862054,0.9453988216264528,0.032654039949018,0.21374999225324584,0.8582474815978488,0.1264594882684277,0.9888542785435885,0.19088563441959863,7.742572971389022e-5,2.128296979071201e-6,0.002525566784886668,5.5974366556385224e-5,2.926429867107259,1.861544999722716,0.6040883264205735,0.04343116533909005,0.14845168283562613,0.0027584302104246097,0.8378091150924452,0.11502535874787907
nu_dakami_NO,NO,ns,4.0e6,11,844282.0,8601.7988566,41548,18910.70591354663,0.022398565779617036,dlogz,-509.39477101827265,0.05279206113062781,0.6168372995150919,-0.018850801795041835,0.8772904482206408,0.5042130580378646,0.8087848959532928,0.0349768027016024,0.20699764497577083,0.8598612902912328,0.12081545248579745,0.9993646501306701,0.18012769343607576,7.741071645097398e-5,2.055476180777553e-6,0.0025260045782236756,5.029914673640227e-5,3.0403181247467446,1.7467483359479246,0.5965183948509885,0.033935813294718,0.14832983679924772,0.0024956226363540552,0.8239840193025013,0.1180298906455371
