"path","bytes","sha256","mtime"
"out/fresh_d11/nu_dakami_IO_mw_d11_B5e4_seed11.jld2","2557972","DDFC6401FC93873997B93D304E7B4A29F9C0C2BE6234D2DE878E6892DF91129E","2026-09-27T14:35:32"
"out/fresh_d11/nu_dakami_IO_mw_d11_B5e4_seed23.jld2","2790100","EFD122D9D241276877792794D96C25415908B7C50FB9C1234F7854EE17531FA2","2026-09-27T14:36:22"
"out/fresh_d11/nu_dakami_IO_mw_d11_B5e4_seed41.jld2","2931748","8E7520F1E21268310658459CFE5974419DFA48172E7F45B439923BF553ACFE58","2026-09-27T14:37:04"
"out/fresh_d11/nu_dakami_IO_mw_d11_B5e5_seed11.jld2","12489534","95172B2BA9A622C72F0B21218EC1B4C8CE79A7F263101E8740D5F5EE91189225","2026-09-27T14:24:02"
"out/fresh_d11/nu_dakami_IO_mw_d11_B5e5_seed23.jld2","12489534","7CB12363844068D8E82BBE26F590E717D6AF0F089047A420F97EA6A08F498173","2026-09-27T14:27:36"
"out/fresh_d11/nu_dakami_IO_mw_d11_B5e5_seed41.jld2","12489534","0B5F9D61F0AD2098EB0192C3E68B234CD3D7D7E4A95C1307C8EA85E12610E8FF","2026-09-27T14:31:04"
"out/fresh_d11/nu_dakami_NO_mw_d11_B5e4_seed11.jld2","2500148","97F3211376F4E55BDB6791C8D6816D6566D453A94CBB0F5BDED90E0F6EFD8CB9","2026-09-27T14:33:46"
"out/fresh_d11/nu_dakami_NO_mw_d11_B5e4_seed23.jld2","2405092","7906A0FA88421B78A6A143E5B78DF5F79DB962810AC6B4A0734A3691F2760164","2026-09-27T14:34:28"
"out/fresh_d11/nu_dakami_NO_mw_d11_B5e4_seed41.jld2","2337076","F6E5601693A61A35D1FB49BECA3A0AD7F6C533207A2BEE645B1440F948CB95A0","2026-09-27T14:34:57"
"out/fresh_d11/nu_dakami_NO_mw_d11_B5e5_seed11.jld2","12489534","BEEEB3E3F5D0188641F3461F033DB44C2F25F70909E6F02EF5ABEF885F483977","2026-09-27T14:11:21"
"out/fresh_d11/nu_dakami_NO_mw_d11_B5e5_seed23.jld2","12489534","6B6B1D7E75BA7D79BCB4574453316CEF57717CC890B7AAA8B840AB4D3CC67971","2026-09-27T14:17:10"
"out/fresh_d11/nu_dakami_NO_mw_d11_B5e5_seed41.jld2","12489534","1F10FF0D4792C1D1DFA26422BEAFC7BA7572707B8796E8E7E0136913312DDA0B","2026-09-27T14:20:35"
"out_extension_nseed8/fresh/nseed8__nu_dakamide_NO_mw_d24_B5e5_seed11.jld2","6245906","C659B4575C23387670E8D971D4DF433D8D464E15048F56E1539CBD3C64AA9141","2026-09-20T11:25:09"
"out_extension_nseed8/fresh/nseed8__nu_dakamide_NO_mw_d24_B5e5_seed23.jld2","6245906","518B374E35BDB3ABADE279D9A1DD1424BDE304BBA982DCE3D67FFB782AF5E226","2026-09-20T09:56:22"
"out_extension_nseed8/fresh/nseed8__nu_dakamide_NO_mw_d24_B5e5_seed41.jld2","6245906","709A156A6DFE789BBCF204BF0BCB0DB57976048DA9ED5B6B54812E30F764A2D8","2026-09-20T10:24:31"
"out_extension_nseed8/fresh/protocol30__nu_dakamide_NO_mw_d24_B5e5_seed11.jld2","6245910","CFDC923A5F6A194CE52579CB4ED9ADF266AFE0DEE1486FF4A5DD6B1140F15B17","2026-09-20T10:50:55"
