cell,ordering,seed,B,stage,C_adapt,N_fresh,C_total,rng_seed,n_components,n_finite,logZ,logZ_se,ess,eff_total,eff_draw,pareto_k,P_upper,wall_eval_s,n_threads,ref_logZ,ref_ess,ref_P_upper,gate_pass,mixture_sha256,payload
nu_dakami_IO_mw_d11_B5e4_seed11,IO,11,50000.0,low,37750.0,12250,50000.0,2011,164,12250,-511.2953077064983,0.01369436248286572,3715.3601943091317,0.07430720388618263,0.30329470973952094,0.3501813266378818,0.6266835573607943,28.039000034332275,10,NaN,NaN,NaN,,6a14cab687a03af28eea405bdbff22250b17fbfbdc95634d0b9434392ce2b215,out\fresh_d11\nu_dakami_IO_mw_d11_B5e4_seed11.jld2
nu_dakami_IO_mw_d11_B5e4_seed23,IO,23,50000.0,low,36634.0,13366,50000.0,2023,164,13366,-511.2909158760763,0.015105604753053802,3300.5596297231386,0.06601119259446277,0.24693697663647604,0.5327955526200454,0.6105863916067543,40.73399996757507,10,NaN,NaN,NaN,,1cfe8c819a96f75fd5c1f0fbcbd3d94d14444a18e629bac444700868394828c3,out\fresh_d11\nu_dakami_IO_mw_d11_B5e4_seed23.jld2
nu_dakami_IO_mw_d11_B5e4_seed41,IO,41,50000.0,low,35953.0,14047,50000.0,2041,164,14047,-511.21948924215627,0.0962215429760027,107.19129464079082,0.0021438258928158163,0.0076309030142230234,0.5205063236732655,0.5635092158802654,33.33999991416931,10,NaN,NaN,NaN,,eab6e3fabd5d17b63980498f503d942aedc71a41e0d67f68635a10099c1cbea8,out\fresh_d11\nu_dakami_IO_mw_d11_B5e4_seed41.jld2
nu_dakami_NO_mw_d11_B5e4_seed11,NO,11,50000.0,low,38028.0,11972,50000.0,2011,163,11972,-510.8581995091518,0.015301536987085081,3148.161519573235,0.0629632303914647,0.26296036748857626,0.29975910185618987,0.5877507650725217,68.31100010871887,10,NaN,NaN,NaN,,263991f247fd0cf941b28cc31bb286c69c58bf819e28d0312e3a02e7fae0f87a,out\fresh_d11\nu_dakami_NO_mw_d11_B5e4_seed11.jld2
nu_dakami_NO_mw_d11_B5e4_seed23,NO,23,50000.0,low,38485.0,11515,50000.0,2023,163,11515,-510.8802939784212,0.016535891828950336,2775.809879158705,0.055516197583174096,0.241060345563066,0.21463516968823843,0.607895511963737,34.634000062942505,10,NaN,NaN,NaN,,4dc2a1a5c4a424df100b3e14bf31c0def87cbb83c6371d33bddd08d142c3c145,out\fresh_d11\nu_dakami_NO_mw_d11_B5e4_seed23.jld2
nu_dakami_NO_mw_d11_B5e4_seed41,NO,41,50000.0,low,38812.0,11188,50000.0,2041,163,11188,-510.91926136446205,0.016697373597879994,2716.2188612929112,0.05432437722585823,0.2427796622535673,0.3587599309505815,0.6196984521367025,24.674000024795532,10,NaN,NaN,NaN,,78b6cc8fa539b99aad8d7d99f4ae901e39e4773d56902bc51140295db2f3ae48,out\fresh_d11\nu_dakami_NO_mw_d11_B5e4_seed41.jld2
nu_dakami_IO_mw_d11_B5e5_seed11,IO,11,500000.0,top,115391.0,60000,175391.0,1011,174,60000,-511.26795537632046,0.008324665183535584,11632.565131432963,0.06632361484587557,0.19387608552388272,0.4949043730388259,0.6155972552524112,132.242999792099,10,-511.26795537632046,11632.565131432963,0.6155972552524112,true,9522c90248e372143a8451a2c462837586627dd59db8604d2c92ed66f15c3190,out\fresh_d11\nu_dakami_IO_mw_d11_B5e5_seed11.jld2
nu_dakami_IO_mw_d11_B5e5_seed23,IO,23,500000.0,top,115086.0,60000,175086.0,1023,174,60000,-511.28823267919023,0.0067358379734426856,16119.302522461723,0.09206505672904586,0.26865504204102875,0.51392189583213,0.6137832574468123,139.2850000858307,10,-511.28823267919023,16119.302522461723,0.6137832574468123,true,962945d387b2adefb875cc0396af5803e7dfd148896c5b63bacca50564c59a58,out\fresh_d11\nu_dakami_IO_mw_d11_B5e5_seed23.jld2
nu_dakami_IO_mw_d11_B5e5_seed41,IO,41,500000.0,top,114864.0,60000,174864.0,1041,174,60000,-511.2676110369431,0.017672616889306384,3039.6721378011634,0.01738306419732571,0.05066120229668606,0.5104141436388653,0.5959082076281297,131.57599997520447,10,-511.2676110369431,3039.6721378011634,0.5959082076281297,true,a66619537815bfcfc74e096c25fa51f6e6ea586eee20eb4adfe55795fa8d4784,out\fresh_d11\nu_dakami_IO_mw_d11_B5e5_seed41.jld2
nu_dakami_NO_mw_d11_B5e5_seed11,NO,11,500000.0,top,117567.0,60000,177567.0,1011,169,60000,-510.8758114367492,0.005689239722574935,20394.188738440847,0.11485348481666552,0.3399031456406808,0.3508067191758446,0.6116087476433463,131.47500014305115,10,-510.8758114367492,20394.188738440847,0.6116087476433463,true,a1178bf0f242067a31132d66eb57df50ef1e9d257c8497c907ff518fd743d93f,out\fresh_d11\nu_dakami_NO_mw_d11_B5e5_seed11.jld2
nu_dakami_NO_mw_d11_B5e5_seed23,NO,23,500000.0,top,117693.0,60000,177693.0,1023,169,60000,-510.8723023402653,0.006313979096720817,17688.99184972771,0.09954805113160176,0.29481653082879516,0.36953848103312464,0.604263723081619,152.97300004959106,10,-510.8723023402653,17688.99184972771,0.604263723081619,true,6fc74377ef3d67ab4c428bd1133e1667f8dca620a2c6f5b59665ca450176902c,out\fresh_d11\nu_dakami_NO_mw_d11_B5e5_seed23.jld2
nu_dakami_NO_mw_d11_B5e5_seed41,NO,41,500000.0,top,118203.0,60000,178203.0,1041,169,60000,-510.85446859387145,0.025015602247000297,1556.5738490731937,0.00873483526693262,0.02594289748455323,0.6346624705906453,0.5923743247266037,131.21900010108948,10,-510.85446859387145,1556.5738490731937,0.5923743247266037,true,01863baa6a1e069ec11970a1bbf6842c324001adafd9413634ada12070d76bb8,out\fresh_d11\nu_dakami_NO_mw_d11_B5e5_seed41.jld2
