ordering,alg,B,n_seeds,Nlike_mean,P_upper_octant,dcp_mean,dcp_q16,dcp_q50,dcp_q84,dcp_sd,dm21_mean,dm21_q16,dm21_q50,dm21_q84,dm21_sd,dm31_mean,dm31_q16,dm31_q50,dm31_q84,dm31_sd,dm32_mean,dm32_q16,dm32_q50,dm32_q84,dm32_sd,kamland_energy_scale_mean,kamland_energy_scale_q16,kamland_energy_scale_q50,kamland_energy_scale_q84,kamland_energy_scale_sd,kamland_flux_scale_mean,kamland_flux_scale_q16,kamland_flux_scale_q50,kamland_flux_scale_q84,kamland_flux_scale_sd,kamland_geonu_scale_mean,kamland_geonu_scale_q16,kamland_geonu_scale_q50,kamland_geonu_scale_q84,kamland_geonu_scale_sd,nc_norm_mean,nc_norm_q16,nc_norm_q50,nc_norm_q84,nc_norm_sd,nutau_cc_norm_mean,nutau_cc_norm_q16,nutau_cc_norm_q50,nutau_cc_norm_q84,nutau_cc_norm_sd,sin2_2th13_mean,sin2_2th13_q16,sin2_2th13_q50,sin2_2th13_q84,sin2_2th13_sd,sin2_2th23_mean,sin2_2th23_q16,sin2_2th23_q50,sin2_2th23_q84,sin2_2th23_sd,sin2_th12_mean,sin2_th12_q16,sin2_th12_q50,sin2_th12_q84,sin2_th12_sd,sin2_th13_mean,sin2_th13_q16,sin2_th13_q50,sin2_th13_q84,sin2_th13_sd,sin2_th23_mean,sin2_th23_q16,sin2_th23_q50,sin2_th23_q84,sin2_th23_sd,tan2_th12_mean,tan2_th12_q16,tan2_th12_q50,tan2_th12_q84,tan2_th12_sd,th12_mean,th12_q16,th12_q50,th12_q84,th12_sd,th13_mean,th13_q16,th13_q50,th13_q84,th13_sd,th23_mean,th23_q16,th23_q50,th23_q84,th23_sd
IO,is,50000.0,3,50000.0,0.9036666666666666,1.4782788409828906,0.0912504923837954,0.12559845535173378,3.4990300112989896,1.7861236570540144,7.74556812167245e-5,7.434908804707697e-5,7.739685086191809e-5,7.95251051466868e-5,2.2743170246901797e-6,-0.0024708386351571924,-0.0025302932966479313,-0.002447442447101177,-0.002378293037458069,6.675253681296215e-5,-0.002548294316373917,-0.0026076901475098496,-0.0025257430972665477,-0.0024568378696328713,6.572886305016555e-5,-0.23022214685742637,-1.3910222113605557,-0.022364021071628937,0.873656972673976,0.8830460044956389,0.5856252717044265,0.021571153630768336,0.6571280701114413,1.2602067516482771,0.6558401990303677,-0.047838707227387964,-0.18026497383193152,-0.07381807261707168,0.1197811917648095,0.17636174995434337,0.8546206527269845,0.6865754940385504,0.8731795987410189,0.9583023858945164,0.1209910674004227,0.9923020846766424,0.9424590944947574,0.969324072183394,1.0631382023269376,0.12489516597942893,0.08447524890875044,0.07897103770743638,0.08525136475063905,0.0891111978656438,0.004126665492187043,0.9279857795896513,0.9047009161321724,0.9175120027883646,0.9665083528104499,0.032691887180423776,0.32167850415522337,0.2951318723105417,0.3082245866209574,0.3511131320559728,0.03398607501387517,0.02158592708753618,0.02014873077885799,0.021787537999750334,0.022797526689572727,0.0010782539113503623,0.6093488372604077,0.5521217303973528,0.6436036186971236,0.6518767960790598,0.07775916452212246,0.47827694601190696,0.4187050892455264,0.4455558562213208,0.5411006901225495,0.08117183459349409,0.6026144748804311,0.5743157061839267,0.5885791007026149,0.6342182890109584,0.035868589693835475,0.1474099293334091,0.14242727218008247,0.14814734250449987,0.15156815917649796,0.003711073854639252,0.8963631485373441,0.8376147569400169,0.9310531417518866,0.9397131311642082,0.07899226468775174
IO,mh,50000.0,3,50000.0,0.6231666666666666,3.0330309952177283,0.9340531846058509,2.9263092113285154,5.240505038352817,1.823725701382957,7.738675847906738e-5,7.51722008730771e-5,7.729832979150359e-5,7.964109566670059e-5,2.258408300224049e-6,-0.002459056695641784,-0.00251543322254396,-0.0024586739665324172,-0.002402412724920521,5.8255402155855726e-5,-0.002536443454120851,-0.002592890626484963,-0.0025361327415203173,-0.0024794887414566935,5.835675894322676e-5,-0.008829438995726763,-0.9761459261969603,-0.013539489186813247,0.9570729636435522,0.9586500778949325,0.5842901698296771,-0.35587044322320316,0.5793041691879277,1.5447395348559487,0.9334765389709073,0.03697180650266502,-0.20064312469909862,0.03560334376719865,0.2842432137903085,0.22594092481183362,0.8605503665526614,0.732343624621042,0.8515623507818391,0.9880146301814048,0.13097681127920555,1.0036063059871954,0.8058921039146613,1.0048603985293953,1.2003617629834853,0.19809432035053792,0.08578291857125775,0.0825749664790137,0.08578008275031818,0.0889821998515933,0.0033290036603984773,0.9238671104252569,0.881377676249151,0.9256461526456304,0.9684794495190882,0.042100279591827744,0.3217727377282958,0.2843251236524834,0.3183737916386716,0.3581417657912404,0.03919868315426058,0.02192729392393238,0.021088464974744443,0.021925759622610154,0.022763737717782305,0.0008706749829877409,0.5441837790716101,0.3726227633472628,0.609638311752486,0.6690324271245536,0.13069545037598956,0.47961600506367275,0.3972825273726965,0.4670797392078892,0.5579764295346836,0.09017252385138287,0.6025210838466286,0.5624039953076078,0.5995199614489424,0.6415643492646972,0.04180100901162614,0.1485964277355162,0.14573399169576767,0.14862000754965832,0.15145492798144727,0.0029711000925295335,0.830557355943026,0.6566012680690703,0.895934657416564,0.9578281266797952,0.13291728574562048
IO,mw,50000.0,3,36779.0,0.6241,2.9637664061898628,0.9526777500990216,2.836328673086384,5.078161535792571,1.782359309928302,7.738506615259949e-5,7.515674782895823e-5,7.733511604159958e-5,7.961377996050586e-5,2.2408631551144493e-6,-0.002457298140181862,-0.002512143971392441,-0.0024567713698949445,-0.002402841736895226,5.4747997503520494e-5,-0.002534683206334461,-0.0025894620360676166,-0.0025343236017688862,-0.00247984040341577,5.496848262914917e-5,0.01970166285158181,-0.9144035471111951,0.017297892713297625,0.9445616033624198,0.9204562249017122,0.5887625540054124,-0.3200872168208785,0.5962130957437481,1.5089441403137789,0.9074530974125334,0.0346572413692274,-0.19884859074576422,0.03926501690629858,0.2713306025553367,0.22049013782838886,0.8606572895357754,0.7279829736070532,0.8515835572328438,0.9918962162671633,0.1320272326542147,1.000524575868146,0.7996999065859951,0.9999285379847361,1.1999445237721917,0.19656496091428177,0.08574066476690978,0.08261890812165931,0.08569637960612202,0.08887478868816599,0.0031710435100293015,0.9239516429778836,0.8818400248630166,0.9260709493182782,0.9674261417860293,0.04131834004971161,0.32106780991790257,0.28472129723023454,0.31870420158798896,0.3568211125353069,0.03721399998541364,0.02191617223202821,0.021099934256023335,0.021903874625123634,0.0227356049023157,0.0008291239076768491,0.5445741724619947,0.3727650244189538,0.6112691990535813,0.6683625846980339,0.13048186143468435,0.47748757169362627,0.3980564444708218,0.46779123301930203,0.5547774025074703,0.08401506841235304,0.6018152742435674,0.5628430300716685,0.5998745472373577,0.6401865390606358,0.03979226974351488,0.1485610690066238,0.14577389916940078,0.1485452664896417,0.15136058866035135,0.0028324838674492125,0.8309558419371877,0.656748377392683,0.8976068576809797,0.9571165601680081,0.13267372236247948
IO,ns,50000.0,3,43562.333333333336,0.8024833333333333,3.2570172914818105,1.2248635734219833,3.814866519477627,5.268461322306906,1.7757246260297095,7.775239945434606e-5,7.563401537736441e-5,7.682974868102992e-5,8.01030721619926e-5,2.4829445172910075e-6,-0.0024653585681406326,-0.0025237535485410903,-0.002485994209812017,-0.002388380530536374,6.883897937013865e-5,-0.0025431109675949784,-0.0026028669164003394,-0.002564510257983458,-0.0024645390960927197,6.969543088449486e-5,-0.10903005802818849,-1.4209941725954964,-0.43364289164999636,1.090132595883202,1.157953322674442,0.7754985056500692,-0.2534368001616034,0.7116972819136582,2.1743145224920903,0.9618243754076896,0.12234312282862192,-0.27566606779389,0.15783149913006533,0.46495381624068133,0.2953502589314204,0.8648127371227532,0.7132778798951469,0.8883716251536833,0.950758379675143,0.12645298566618865,0.9395185814576383,0.6250137769745279,0.9013863443626187,1.174454232989671,0.25723983867493105,0.08491890540378873,0.08155371350036605,0.08532257301514609,0.08847204612603318,0.0035331100577988468,0.9224737851855185,0.8828260809001724,0.9093624149424364,0.9743064070122607,0.04390525252717363,0.34137052437069915,0.28728858817311637,0.3205479279184648,0.39743548560948694,0.05635725821886842,0.021701535269426458,0.020821983366402248,0.021806151496891926,0.022630134519896924,0.0009232007550375246,0.5809212911079347,0.40822835439034294,0.6217495572523388,0.6600186359998735,0.11328509275679603,0.5306343705641768,0.40309244864862404,0.4717741561026524,0.6595733338387647,0.14475509803900016,0.6229381223122529,0.565683640636953,0.6018513891688412,0.6821003945769886,0.05884166382428487,0.147819389165155,0.1448037581926419,0.14821107877479228,0.15100640048391273,0.003175863135802845,0.8677071155170382,0.6931032768226368,0.9083841278094773,0.9482825774887409,0.1153822597468265
IO,is,500000.0,1,500000.0,0.5998,2.697522422299111,0.19083482138413288,2.5796813034252457,4.764831658060412,1.8663991228386645,7.733711658570277e-5,7.56106728417836e-5,7.739685086191809e-5,7.965347833391869e-5,2.172084229613404e-6,-0.0024716523501970367,-0.0025302932966479313,-0.0024927117223292284,-0.002395935934118301,6.293214669939117e-5,-0.00254898946678274,-0.0026076901475098496,-0.002570489333752379,-0.002476370270596631,6.28331071609198e-5,-0.04330334967005905,-0.7954039232076617,-0.4468235331377439,1.0166375605031135,0.9386258047718339,0.4653622839536842,-0.32604563498809425,0.3515429600968667,1.3903819945046108,0.9558776915183993,0.03291534115595787,-0.2903199872532023,0.026016012784898623,0.29478243582070296,0.24195591455459062,0.834156482481856,0.6865754940385504,0.8302574080973522,0.9761905258204832,0.14491992289723732,1.0121238295729735,0.8750454835404575,1.028286069502201,1.1814771155847836,0.17608063078693714,0.08580081510486055,0.08222342770231118,0.08546291504987313,0.08925488348385768,0.003158190371024352,0.9266729684040388,0.8871279184762796,0.9340998800559994,0.9747237050553346,0.04051899223515196,0.32014204513668887,0.28672856728379403,0.3159984292438455,0.3584695602631858,0.03953412892553371,0.021931893755252684,0.02099671914023157,0.02184283834963664,0.022835165661764658,0.0008258490860705756,0.5428812675537853,0.3820913980672431,0.6258363428854973,0.6679822025719693,0.1284259696445088,0.4762044197729074,0.4019908188274192,0.46198494675167706,0.5587724885045935,0.09185957703648166,0.6007681902227364,0.565064649135088,0.5969678930101814,0.6419061560665189,0.04210240198194896,0.14861502880038235,0.14541437820854677,0.14833662394393898,0.15169419576832466,0.0028179713267188476,0.829275483914921,0.6663684622065355,0.9126022553448461,0.9567126455147087,0.13049836385224572
IO,mh,500000.0,3,500000.0,0.6063,2.9891134629077025,0.9248227839215134,2.8745600393369575,5.174822002926874,1.8083520778411704,7.738093575949336e-5,7.511574405193022e-5,7.733615325959586e-5,7.964813872651058e-5,2.272954327254623e-6,-0.002457327705792242,-0.0025144333099100338,-0.002456547097862557,-0.0023999265938264183,5.7290650439525715e-5,-0.002534708641551735,-0.002591767748317969,-0.0025339249075412556,-0.0024771386492942614,5.735464461447131e-5,0.004034524660238417,-0.9880248213142822,0.007694717375769766,0.9994263799520378,0.9862817562972804,0.6048733656900801,-0.31569529865557033,0.6135369676462266,1.5310190575243594,0.9181658990557451,0.038420832446576375,-0.19706004549736653,0.04264978407254466,0.27635165652323457,0.22264509374506342,0.8630345731181531,0.7328993228850926,0.8545803641666819,0.9943492784386789,0.13194825683657133,1.0005016680089347,0.8054554415478524,0.9998961695085335,1.1968518884385002,0.19550178724995354,0.0857777582276599,0.0826311608359132,0.08577568810433367,0.08892658683865848,0.003177334951954239,0.9255622725699589,0.8833016164490894,0.9273071620511524,0.9699118649887564,0.04174827954008143,0.3220382379253419,0.28536012678658906,0.3190761289968994,0.3578613093347449,0.038766830960829446,0.021925873693442243,0.02110313240633773,0.02192461057494647,0.02274917151424943,0.0008307892693083745,0.5394071635621475,0.37159802653810325,0.6032701917246754,0.6668824729020167,0.13060165235308616,0.4800755452912172,0.39930619250786403,0.4685929552316914,0.5572959775478626,0.08907005041080758,0.6028186085653916,0.5635505863077599,0.6002735712822262,0.6412718491673653,0.0413499364441306,0.14859409902923004,0.1457850252716122,0.14861608426005704,0.15140608944083617,0.0028380724577923423,0.8256899289011025,0.6555412704493209,0.8894170511036409,0.9555455337381951,0.13279025942602057
IO,mw,500000.0,3,115113.66666666667,0.6251666666666666,2.8875689190206097,0.9393452060225027,2.7516777828469063,4.95685256726282,1.72752164701555,7.727846362539674e-5,7.505090332986082e-5,7.72231257831449e-5,7.954531806385287e-5,2.221951693704735e-6,-0.0024625844633099844,-0.0025162132924221865,-0.0024618054813287135,-0.0024080534921563698,5.426245341120306e-5,-0.002539862926935381,-0.0025933082307203676,-0.0025394439010608502,-0.0024852004586371278,5.4409319689217177e-5,-0.04095840656527498,-0.9705413629601627,-0.05654745018191942,0.8770573760898346,0.9152507037324925,0.5813899748196789,-0.3071143165898751,0.5908196441873725,1.4753878662362494,0.8658583983450188,0.024039312668046656,-0.2054224848665024,0.029006248049467942,0.25434532287518685,0.21428389093137035,0.8568158147909173,0.7262512505216061,0.8503846375635785,0.9849644242570977,0.1294601260978919,0.9974409142745011,0.8085991454070052,0.9961838366500432,1.1905943803443773,0.18436578258514896,0.08570608235338595,0.08254140590655958,0.0857341149219477,0.08891912868085074,0.003183865700065595,0.9205797535272808,0.8785328362730843,0.9221412434734872,0.9635259111138477,0.04075736224019437,0.3203491710684938,0.2864445333500126,0.31821805201442505,0.3546521535599895,0.03517691649843185,0.021907136154409364,0.021079705458872722,0.021913740764794628,0.022747218101573225,0.0008324440668504642,0.5459651918313168,0.37070253188454416,0.6171513294866692,0.6711794618833916,0.1332011954428256,0.47541160301853697,0.40143275013338114,0.4667446138918363,0.5495519284931197,0.07888778959075032,0.6011034004787361,0.5647505681125324,0.5993527924748037,0.6379212386666523,0.03764844567265543,0.14852996987219172,0.145703505724602,0.14857896558325923,0.151399538747093,0.0028449440569337037,0.8323982257617485,0.6546144731813501,0.9036487623212128,0.9601113617368308,0.1354789805333668
IO,ns,500000.0,2,343019.0,0.5529333333333334,3.132494431957373,1.374716783232378,2.7887558798012364,5.119144370093756,1.687293778566045,7.765126075695698e-5,7.527717509347572e-5,7.765243692216543e-5,7.99798669943722e-5,2.2439860677065233e-6,-0.0024526264250423822,-0.0025165590615192196,-0.002446831936532436,-0.0023973837510587043,5.585358152553517e-5,-0.0025302776857993392,-0.0025958113131964076,-0.0025237764022251804,-0.0024754461117182046,5.5877015068256613e-5,0.06533820534996461,-0.7458622199007343,-0.07562454873266278,1.0379805203105574,0.899815268013222,0.5624856196006944,-0.28134397628405017,0.6455036606292355,1.3859522896656493,0.888271185483056,0.02746843427789881,-0.21855887521635942,0.05168751695243001,0.27813794445633366,0.21973362028437607,0.8680025073450611,0.7275491158767937,0.8534543324672742,1.0094251834065724,0.13533149929210977,0.9906320753994944,0.8173956738135306,0.9723298323180177,1.2006588100915638,0.18573157925824077,0.08573472023508898,0.08258291792638452,0.08559860565457272,0.08886681232140078,0.0030923685450735382,0.9306168718996944,0.891792787111757,0.930219812626503,0.9720356813160475,0.03817134304839082,0.31987222404475035,0.28624983283109384,0.3179745241500816,0.35164955861584446,0.03548179512607342,0.021914582785851167,0.021090540374901486,0.02187831194730685,0.022733515822195623,0.0008085785661584716,0.5193202311969431,0.3606164551887133,0.5647838888947796,0.6538995529505824,0.1302796744372118,0.4744643434466283,0.401050459948059,0.46622088970185727,0.5423757526332705,0.07994472612289422,0.6005836284709151,0.5645352169754702,0.5990913489896739,0.6347801077729269,0.03797113510585664,0.1485569422142642,0.14574121385713248,0.14845791927989152,0.15135358095208812,0.0027612320393101074,0.8051952148958468,0.64414312956902,0.8503646987492727,0.9418376471893131,0.13231875603809554
IO,nuts,500000.0,2,450277.0,0.6209333333333333,2.8538831901905177,0.9410978301476584,2.613474915412455,4.966155749022269,1.738128953264429,7.740516352628723e-5,7.513802211620161e-5,7.743723325388603e-5,7.966828825936639e-5,2.2843086235188944e-6,-0.0024570223269108006,-0.002511467476068492,-0.002458232882404271,-0.0024009772543645016,5.6856453656853815e-5,-0.0025344274904370878,-0.0025891679116120973,-0.0025350277219238666,-0.0024784093053996435,5.6837948232720145e-5,-0.016773732185973972,-0.9164323522372739,-0.052957236610156055,0.8843912147536734,0.9176602545560489,0.6308907845416057,-0.28028166515104624,0.6618040447506353,1.5180195446855933,0.9061471183854333,0.033531497472596164,-0.21127678436872954,0.0360770569874721,0.27901069700449466,0.2251639673912046,0.8596896033822687,0.7274493046432435,0.8550354112271746,0.9882356053299396,0.12886347861485217,0.9984872757989866,0.7966377421262878,1.0050977308494025,1.1976573420733154,0.1970262706855838,0.08568074907260403,0.08247395647406423,0.08570881153655377,0.08893561434463952,0.0031377701304926282,0.9238434860641328,0.8824783953177161,0.9256531019993084,0.9658877394542444,0.04042530861236547,0.32391523269215033,0.2868329529133283,0.3199199685792209,0.3596921063084837,0.03947160637966859,0.02190049167447634,0.021062101226595412,0.021907125010357895,0.02275153597539979,0.0008202938231036683,0.5413130859769739,0.37094858209825304,0.6080932079350548,0.6672317893831344,0.13165350845482282,0.4844289390481613,0.402196026982819,0.47041517732973975,0.5617486678709822,0.0916859726852947,0.6048181673343788,0.565180054019354,0.6011784308675564,0.6431803561686343,0.041992115022051885,0.14850796423609075,0.1456422185066212,0.14855636942596662,0.15141401820224662,0.002807137769540693,0.827608710396704,0.6548691699243133,0.8943515725761748,0.9559161485057377,0.13385625475928317
IO,ns,4.0e6,1,850365.0,0.5772666666666667,2.8745471373982494,0.9164690619374252,2.6510561354427677,5.034916785628203,1.773063195474407,7.747190594025018e-5,7.543623677041066e-5,7.747566690897336e-5,7.953248806814575e-5,2.0569093654813597e-6,-0.0024598951943382093,-0.002513277508522795,-0.0024599442120557397,-0.002405841166114383,5.307490061739917e-5,-0.00253736710027846,-0.002590572554201586,-0.002537469207126771,-0.0024832498676965746,5.309001077284197e-5,-0.009664033492339665,-0.9086610858919753,0.005633170739269833,0.8815652999137322,0.8955207699455516,0.5043091479372169,-0.3495370292563633,0.49981059897725544,1.3587135077005383,0.8395107001291158,0.01850734320699194,-0.1797599688017899,0.014678203995208583,0.22448473783769707,0.19446852038158882,0.8658147162182804,0.7459566951398743,0.8570600874689227,0.98759597817521,0.12237085555175364,0.9982845082114344,0.8125251883166277,0.9963109518482542,1.1837172884152234,0.18314310816770812,0.08570684434983002,0.08293145503182345,0.0857289923114187,0.08845887729612847,0.0027963914524430497,0.9255362201821186,0.8855675790392328,0.927048339266345,0.9661340786725993,0.0389893197045844,0.3185400513408863,0.2840060767461607,0.3156572824657908,0.35276273407023034,0.03510731338524724,0.021907169710761586,0.02118152057168639,0.021912401413563824,0.02262668625491135,0.000731127538186176,0.5324074896625844,0.36895855220328283,0.6003244743460494,0.6656968626278098,0.13253675842866686,0.4714782716877477,0.39665989825094194,0.46125614312540936,0.5450284658184497,0.07870750837436385,0.5991633467279242,0.5620502973732597,0.5966009459753636,0.6359453517734681,0.03756619038686225,0.14853612789596107,0.14605747383724996,0.1485743912886692,0.15099480700544626,0.002498735845892329,0.8185927005043633,0.6528082074173382,0.8864083114489263,0.954288358699301,0.13468537132778924
NO,is,50000.0,3,50000.0,0.8909666666666667,1.6903955533937196,0.0912504923837954,0.12559845535173378,4.315237974107179,2.211559562791517,7.740287320322917e-5,7.576480371006745e-5,7.739685086191809e-5,7.890242247765163e-5,1.8831538149861011e-6,0.0025051683758685593,0.0024697067033520688,0.0024964972671323404,0.002552557552898823,5.054144318386067e-5,0.0024277655026653327,0.0023923098524901505,0.002417594844654689,0.0024742569027334524,4.993529138585872e-5,-0.3831698486174171,-1.1560654141768045,-0.7182513934917139,0.20016215942264193,0.7838612336394652,0.5189979003594138,0.021571153630768336,0.37971089504851374,1.3265399388994181,0.7171131629398786,-0.01803204724921716,-0.15456559733162134,-0.020878046381155424,0.10250969854701542,0.15088895779772005,0.8215843392307645,0.6865754940385504,0.7817413703561611,0.9583023858945164,0.12668007730958722,1.0027319602677818,0.9424590944947574,0.969324072183394,1.1889131102880248,0.14648496026497854,0.08442571063660843,0.07897103770743638,0.08541087398739904,0.08883414457100572,0.003937783366982365,0.9371743597684642,0.9175120027883646,0.9340998800559994,0.9752905182151376,0.028474188166685357,0.3207325049127841,0.2951318723105417,0.3044647873611636,0.3568315907786586,0.04165400887223086,0.021572875140809796,0.02014873077885799,0.021829233951770905,0.02272495994736057,0.001028862215921173,0.6008096656901997,0.5499192050033568,0.6283550933387536,0.6436036186971236,0.07445746275476152,0.47831764294147205,0.4187050892455264,0.4377417301505624,0.5548027323211668,0.10042958020547259,0.601390036085709,0.5743157061839267,0.5845009857003115,0.6401974752470337,0.04383114208105701,0.14736903291384254,0.14242727218008247,0.14829008070503202,0.15132487748053325,0.003542386360144639,0.8875128634909284,0.8354006726136489,0.9152065500972641,0.9310531417518866,0.07545801141405757
NO,mh,50000.0,3,50000.0,0.6243166666666666,2.896908119713297,0.8698810657688743,2.68342362662861,5.161409390121114,1.8184430684330233,7.739224896089792e-5,7.514254182121137e-5,7.735970038166728e-5,7.965147600562597e-5,2.263409697304387e-6,0.0025250992018523324,0.00247049415189384,0.0025236168912319084,0.0025792444250178695,5.5771706407892195e-5,0.002447706952891434,0.0023929438900866028,0.0024462397639960585,0.0025020201794420513,5.5740081191479936e-5,-0.003647393820935331,-0.979336954415257,-0.004672452382708858,0.9783059180733767,0.9653208220266071,0.5619463881609733,-0.3845119719268122,0.5678955709041582,1.5302802472128718,0.9514898028075947,0.03738342412763847,-0.20711961512698385,0.044820349409580795,0.2779657643394791,0.22610511698238062,0.8607879340339777,0.7275649009357169,0.8524738516811261,0.9946457735959675,0.13458178222226036,0.9942561024666742,0.7976719660654658,0.9927903426774468,1.1880671476213536,0.19446041633081237,0.08562723550662613,0.08246449417114064,0.08563685173546753,0.08874519692948625,0.0032902706735599145,0.9388580999449256,0.8976119798758443,0.9419957716397228,0.9823745200079002,0.039669162866447755,0.3199273680115328,0.28327359514138667,0.3168480703263187,0.3556318271106714,0.03880308790838289,0.02188657156150431,0.021059631627052308,0.021888311096533147,0.02270166481787469,0.0008606291161912982,0.5408079439233153,0.3903770440366214,0.5903491994550469,0.6555944625313068,0.11670652823820822,0.47546043170426433,0.39523253674080455,0.4638032281926856,0.5519078099652691,0.08861308746967264,0.6005459020282353,0.5612378083895084,0.5978813282479292,0.6389448107268256,0.04145522912789562,0.14845801755820423,0.14563361886052853,0.1484920921296642,0.15124669959521078,0.0029341218047205103,0.826965666683781,0.674877408172619,0.8762464098978682,0.9436200725600289,0.11843473424413126
NO,mw,50000.0,3,38441.666666666664,0.6055666666666667,2.988697672025929,0.9066088872972234,2.8394055852923263,5.245736189760619,1.8364978593811019,7.744060962541981e-5,7.525475712781477e-5,7.741040030580155e-5,7.964652657792776e-5,2.234087921298851e-6,0.00252326857510203,0.0024702593414755846,0.0025219339612271214,0.002575414916755613,5.342007421993442e-5,0.002445827965476611,0.00239329784536429,0.002444162161150887,0.0024982779574248266,5.326053600124372e-5,0.028522960527119254,-0.9065331325423034,0.02777779264490876,0.954794188135248,0.9248489756482419,0.5426014069792909,-0.38042294315983716,0.5603160908516456,1.4731460532486595,0.9138500276320789,0.03046573005199091,-0.20523015935198347,0.03367986632212494,0.2709859854683331,0.2218596943712461,0.8604694854649741,0.7319614686745213,0.8522452481252035,0.9910768380579077,0.13082917500603158,1.0005864562772533,0.8000364838009875,1.0000399811341265,1.1992477298148208,0.1966446407065519,0.08560406171167662,0.08249475717449753,0.0856022770741019,0.08875547021929311,0.003166190658049378,0.9402393883071628,0.8991206820218177,0.9436394014429257,0.9833487553551061,0.03958420129945916,0.3193245410259703,0.28274230935979083,0.31657949324832635,0.3554152703189137,0.0378591633262337,0.021880454900881658,0.021067530118936684,0.021879271803190565,0.02270435530463729,0.000827754621018909,0.5359158698445176,0.3870772612836529,0.5797925235781154,0.654723922204952,0.11683505776820462,0.473863648901575,0.3941990626931039,0.4632279689016677,0.5513864259470719,0.08550022408954436,0.5999218386410973,0.5606480939641,0.5975926565907623,0.6387186047346464,0.04050279640246938,0.14843903866708164,0.1456611212759228,0.14846119999026564,0.15125573080305144,0.0028314505034499993,0.822017664443696,0.6714927382636806,0.8655333128082228,0.9427043240259471,0.11854464314307118
NO,ns,50000.0,3,41909.666666666664,0.45425,3.7276413418591545,1.8483336378814095,3.907397883331945,4.936957438540762,1.4130117995584064,7.715491720552669e-5,7.38912112095089e-5,7.666757509208503e-5,7.876973697640447e-5,2.663767361467349e-6,0.0025196879344277614,0.002477622717845261,0.002523375385995358,0.0025396805318042034,5.317619632970148e-5,0.0024425330172222347,0.0024014975306260477,0.002446707810903273,0.002461428352368106,5.269498538491019e-5,-0.4975310502647084,-1.403623951164769,-1.0830857474645494,0.34543663213926923,1.1850460051166112,0.3197726792409628,-0.3587378187803605,-0.0355341411905421,1.3408522493830164,0.8958322584406295,-0.019683418031702846,-0.3673565541874433,-0.11713865832705861,0.27453940867138626,0.26297199381219316,0.8370709478152164,0.7526005385592598,0.7954532167992452,0.9986252708464964,0.12850630248810552,0.9789179235749158,0.8168394581443104,0.9728026941532897,1.05704177701398,0.19669292493704527,0.08651968644828308,0.08188277593730592,0.08804759575001112,0.09002601169410661,0.003962763037021689,0.9446531063401841,0.9133915034830908,0.9468433468666183,0.9937477618932945,0.037894573598835454,0.3159609182104811,0.2696632364717728,0.3199089714384374,0.3347823760532131,0.04193448834663255,0.022120302326068705,0.020907831398097765,0.022519004501229168,0.02303721625636938,0.0010358363209839706,0.4889748520711773,0.35285339239646973,0.47502081520506995,0.6414969411714748,0.1171127581353549,0.4677025138953908,0.36923136002224616,0.4703914005674592,0.5032674481276124,0.09509396649513174,0.5961594737713518,0.5460212167101582,0.6011666425702644,0.6170158187310217,0.044908702610347725,0.1492418494235692,0.14510406905040607,0.15063233282649396,0.15236904858221345,0.003549373499579343,0.7742072588616153,0.6360402136915906,0.760408576245788,0.9288552440761204,0.11877124200006527
NO,is,500000.0,1,500000.0,0.6578166666666667,2.1580665117307953,0.0912504923837954,1.836786203702764,4.764831658060412,1.9977119424799337,7.734430233110008e-5,7.568408111859629e-5,7.739685086191809e-5,7.922834641394337e-5,2.0997003585668203e-6,0.0025045273549694114,0.0024697067033520688,0.002486002573352036,0.002544686315930856,5.0760435347767644e-5,0.0024271830526383133,0.0023923098524901505,0.0024075582821155147,0.002466238059123043,5.1226575881576916e-5,-0.2157275241913374,-0.7182513934917139,-0.45360134357786475,0.635958512974454,0.8952714893029651,0.36302049610733284,-0.10324781582844711,0.14192344514507527,1.2329439376628573,0.795811853955707,0.02787760972887323,-0.14361932456731008,-0.020878046381155424,0.19403720430533644,0.19902687923215914,0.8227389792151,0.6865754940385504,0.7703131502721888,1.0493232318764694,0.15064735257173378,0.9616744357626765,0.8235113220374336,0.969324072183394,1.0631382023269376,0.1677236228278023,0.08516279828173193,0.08222342770231118,0.08541087398739904,0.08713952028819975,0.0026854969370340236,0.9432469630204647,0.9165897233259678,0.9350524176563536,0.9842813627888836,0.03674499921744761,0.31475152211181423,0.29474664903084485,0.3050353100975082,0.3444449133686252,0.035140154646051046,0.021764903395282892,0.02099671914023157,0.021829233951770905,0.022281338099556697,0.0007020065936083373,0.5461633603824115,0.3890761056071594,0.6004836453732235,0.6304678621212648,0.10980621275604918,0.46339603505220767,0.41793016456540855,0.43892202658570567,0.5254248199622465,0.0797157611324988,0.5950927027685288,0.5738933265301884,0.5851207130007093,0.6272176868078817,0.03752962775297135,0.1480508590427822,0.14541437820854677,0.14829008070503202,0.14982930041868867,0.0024040490659526775,0.8323330254472447,0.6735436267747958,0.8865707921116109,0.9173938537849793,0.11130167594349993
NO,mh,500000.0,3,500000.0,0.60825,2.9967716512552034,0.9030401194627306,2.8437175323531667,5.250391525405668,1.8362802057982563,7.740808415296246e-5,7.514352003823897e-5,7.735945287195526e-5,7.968411685858495e-5,2.279058270900219e-6,0.0025256324294594614,0.002471183174969706,0.002525056057035271,0.0025801998612914366,5.472017515479453e-5,0.002448224345306499,0.0023938162576528582,0.0024476660693325313,0.0025027941461978533,5.469617539976894e-5,0.00572366555360041,-0.9664434509748057,0.0003405939037182115,0.9869009104724282,0.9810461930467742,0.5437477472832621,-0.3768426919686753,0.5536166528387727,1.463489815350047,0.9172048121487557,0.03314952650305379,-0.2079911965625192,0.03760466659217243,0.27684862874481786,0.2260314047360838,0.8618150364985884,0.7309780358285985,0.8534948635175557,0.9927455589726145,0.13185146399607647,0.9977246706160011,0.8021498963794291,0.9976881076201067,1.1921138426251345,0.19495149898968606,0.08558885658018987,0.08247041483209029,0.08560913364437872,0.0887192762572367,0.0031478680079577,0.9395197507110044,0.898975635127584,0.9429459841754093,0.9821759456142126,0.03943117878706553,0.31884458810758404,0.28335031781591685,0.3163703871569121,0.35369263121831124,0.037205599954813935,0.02187647139773898,0.021061176879605067,0.02188106438993147,0.02269487648288321,0.0008229600009359439,0.5361590045702729,0.3862066983105358,0.5827565600241054,0.6545266148944762,0.11752794954556398,0.47266621208992704,0.3953819067559992,0.46278040215546945,0.5472514291229852,0.08410589851721663,0.5994273659068865,0.5613229410497544,0.5973678599536656,0.6369181033206781,0.039806667467169085,0.14842572050175132,0.14563899979969294,0.14846732672245877,0.1512239107376923,0.00281521377157709,0.8222562102331854,0.6705989004227068,0.868537305801171,0.9424968462796287,0.1192556565855826
NO,mw,500000.0,3,117821.0,0.6309833333333333,2.9507795337286438,0.8941032878311475,2.8138042280000537,5.1415338392380825,1.8122426985244764,7.747877059390624e-5,7.521534552708041e-5,7.744843900978752e-5,7.975086958246075e-5,2.2770244937866304e-6,0.002526123031070022,0.002473865535410156,0.0025251870416622465,0.002579036539321695,5.373190400997526e-5,0.002448644260476116,0.0023968002621985464,0.0024479069322120217,0.002501057961416355,5.3533221636069236e-5,0.05422206041787569,-0.886540720441502,0.05130224568042596,1.0108833900403829,0.9345825959251471,0.5024928786657575,-0.39230233175383544,0.5251586267279831,1.399801757112681,0.8810691614226053,0.03196283619198991,-0.20399176468976532,0.03348050225127719,0.26578800813840775,0.21762304882769537,0.862566194340692,0.731934521959724,0.8565544266463857,0.9913206934077005,0.13041814081247416,0.9952187575563487,0.7999150890399225,0.9924595070861895,1.1939123022182059,0.1927359807129533,0.08546249648647322,0.08227691411971447,0.08539254192538644,0.08866010533650377,0.0031980092069759333,0.9389332708278568,0.898252284797154,0.9422097115621876,0.9814950329701952,0.03901096827757386,0.3167331350280796,0.28316670093019775,0.3151349708273885,0.3510905104385029,0.034336542770963686,0.021843459817533956,0.021010677081345176,0.021824441738545794,0.022679380640356097,0.0008360447146804604,0.5424501032293503,0.3915580938211241,0.5910458927653772,0.6552354336288958,0.11603833609534987,0.46735205828200677,0.39502447960725134,0.4601417175704015,0.5410469658499731,0.07578219852185643,0.5972291170597284,0.5611191853014714,0.5960389258242251,0.6341945922580619,0.036893087359652035,0.1483119748259745,0.1454630472690319,0.14827368225292462,0.15117187776606644,0.002860823075745211,0.8286193714523055,0.6760875819947818,0.8769548561715073,0.9432423325031449,0.11773684475181657
NO,ns,500000.0,2,345312.5,0.5864,2.9428590567697155,0.981079137012205,2.922924603724717,4.951762227855795,1.7118925959173446,7.746623909709602e-5,7.510042490026163e-5,7.746139622866077e-5,7.998241431734948e-5,2.287539448662765e-6,0.002523836220841744,0.0024705379714756804,0.002523759003701509,0.0025773282178727683,5.393838877407263e-5,0.002446369981744648,0.00239359706681755,0.0024450003831637244,0.002500620574190746,5.391135085711379e-5,0.05035279952249684,-0.9533490242936526,0.11344082662570232,0.9602341278665891,0.9657004701799883,0.5621746543268991,-0.3612488803471936,0.6083041675629266,1.5010427324000064,0.8969350283681635,0.023594603865919047,-0.21216665250365674,0.01829595050609434,0.25662094101321753,0.21547871232046376,0.8726312722842907,0.7534353450137332,0.8666177630281856,0.998110751482833,0.12590427635144272,1.0153271919447286,0.8194379360290401,1.0289235743463347,1.2135963025508512,0.18942586019119798,0.08544192767168349,0.08226656660764488,0.08539627784460965,0.0884916446130663,0.003169627925667723,0.9399930644331527,0.8950454412580692,0.9423206424889832,0.9837966972948623,0.03962062344202062,0.3194095685096049,0.28527449338886374,0.3181190715777805,0.35248886001364493,0.035917289865564105,0.021838069762798357,0.02100797673855906,0.021825418347181918,0.022635266440079984,0.000828592394000972,0.5348486176450188,0.3924294726956291,0.5723995501939199,0.6580140445508156,0.11742034547826588,0.47355908678564673,0.39913853745263667,0.466531704169913,0.5443749740291309,0.08082101407916303,0.6000721479731957,0.5634557679370057,0.59924653678889,0.6356587451838124,0.038450268698228575,0.14829398733762958,0.14545363284932641,0.14827702424826159,0.15102365301457563,0.002836420120270772,0.8209917038263018,0.6769800311804055,0.8580531284260204,0.946168205311779,0.1191267603047855
NO,nuts,500000.0,2,455655.0,0.6478833333333334,3.024597138840286,0.9977213509854789,2.8752445949918517,5.213097281570376,1.8145509693785253,7.738512376701098e-5,7.519680434849161e-5,7.733792679624737e-5,7.964505136406536e-5,2.2351243926021112e-6,0.002524685359005812,0.0024675291080655803,0.0025247232597351474,0.0025819824549170737,5.852133299170275e-5,0.0024473002352388014,0.0023908282278306717,0.002447227444563624,0.0025047162638364845,5.8406293241281215e-5,0.012261067085472492,-0.9322342924621885,-0.006546572133915074,1.0056452051616525,0.9782828995094092,0.5622392788799897,-0.40002002269443926,0.5512246789933886,1.5537896675359233,0.9458924471079407,0.03888293271243275,-0.1953202210999032,0.04323950987633762,0.27755861820155314,0.22179347396029253,0.8605667803355664,0.7338276637529959,0.853447063534733,0.9902649263144673,0.1280282515457339,0.9993697877293207,0.7992413127406801,0.9985362251232802,1.1948873083494418,0.19635044140345614,0.08559624529739404,0.08258763923388379,0.08553683772608192,0.08872542444770945,0.003171977566805761,0.9393727542028877,0.8963092469404594,0.9424433410789179,0.9853190544220484,0.040616734962058726,0.3205126534705995,0.2826792609924488,0.31648555204051726,0.35967978734178596,0.03930851147256865,0.021878413982071625,0.021091772683399127,0.02186216363011019,0.022696486616667948,0.0008292591955415671,0.5446922516575674,0.3907469565336361,0.5883699907940834,0.657125626384832,0.11471544542161007,0.47684491800989715,0.39407652061412524,0.4630268650287227,0.5617186217636605,0.08935668228687961,0.6011566822985207,0.5605780895361604,0.597491671316617,0.6431675214594162,0.0419878723241515,0.14843195782289753,0.1457455019889215,0.14840271505787522,0.15122931635685802,0.0028370495117974147,0.8309059212978198,0.6752565129539336,0.8742348132999207,0.9452320873672196,0.11643180806136409
NO,ns,4.0e6,1,844282.0,0.6141,3.0412019980476295,1.0871265337516005,2.9098379140653736,5.146884603514806,1.7428445355112814,7.742088081114398e-5,7.541259128533222e-5,7.733331325606387e-5,7.94847090255092e-5,2.0617785681718516e-6,0.0025258771358320936,0.0024759775520404787,0.0025251690563482757,0.002575894758814883,5.0233684629373834e-5,0.0024484562550209504,0.002398657227752465,0.002447905474851684,0.0024988916225520403,5.019560495438402e-5,-0.013071634985053574,-0.8871075813996558,-0.013531782157123029,0.8533978841395577,0.8811738821167895,0.5066088450696344,-0.317548454674906,0.5318218208850785,1.3033019285030774,0.8075615212244005,0.03670708602167823,-0.18277208536048395,0.041816758769829654,0.25505634212424566,0.2067961787519685,0.8603561282228219,0.7407185519482943,0.853827469388293,0.9777678674237678,0.12056223210391796,0.9995370650298792,0.8154405572770081,1.0003705197588777,1.183583199355807,0.18013686320395655,0.0854600788210981,0.08274243101942055,0.08543803813437349,0.0882145065774789,0.002787551677367787,0.9401448156648486,0.9019188716118174,0.9430080315869529,0.9794250641626944,0.03696015242633872,0.31614109655896405,0.28549965868722454,0.31457445457882544,0.3457218911093713,0.03165225305605449,0.02184265219650475,0.0211321766445944,0.02183633506257132,0.022562702173755278,0.0007287284154616509,0.5375259297306463,0.387422629176639,0.5894228644832825,0.6526043734111899,0.11642949202020074,0.4655207878765026,0.39957945739069406,0.458947666425198,0.5284020455698348,0.07003878033554199,0.5966745189524804,0.5637050659903413,0.5954355167825077,0.6285607562543912,0.0339677160050914,0.1483156420312149,0.14588603005273904,0.14831437672693293,0.15077952810369558,0.002493772467274128,0.8236191426123805,0.6718472369368931,0.8753047332857886,0.9404769772574904,0.11806233809339245
