tag,ordering,alg,B,seed,estimator,Nlike_used,C_adapt,N_fresh,wall_time_s,wall_adapt_s,wall_fresh_eval_s,N,neff,eta,pareto_k,stop,logZ,logZ_se,P_upper_octant,kamland_energy_scale_mean,kamland_energy_scale_sd,kamland_flux_scale_mean,kamland_flux_scale_sd,kamland_geonu_scale_mean,kamland_geonu_scale_sd,nc_norm_mean,nc_norm_sd,nutau_cc_norm_mean,nutau_cc_norm_sd,dm21_mean,dm21_sd,dm31_mean,dm31_sd,dcp_mean,dcp_sd,th12_mean,th12_sd,th13_mean,th13_sd,th23_mean,th23_sd
nu_dakami_IO,IO,is,50000.0,11,output,50000.0,NaN,NaN,625.4068902,625.4068902,NaN,50000,4.045537400142695,8.091074800285391e-5,NaN,budget,-510.24957857113293,NaN,0.9274711704348364,-0.4841203414099452,0.7350467428223411,0.4831024536853206,0.5334438934859221,-0.08630745415010585,0.18923143503147097,0.8080815933062921,0.13291547761718195,1.0184538920915018,0.08823654763688156,7.723916310841016e-5,1.520659113595502e-6,-0.0024882378702790983,5.986338753317811e-5,1.8056322928488016,1.7300650221654175,0.5990280764638163,0.03063704841336767,0.14906613974625554,0.0016593322664519535,0.913149263884616,0.06345295527480625
nu_dakami_IO,IO,is,50000.0,23,output,50000.0,NaN,NaN,964.5856205,964.5856205,NaN,50000,4.830513133494471,9.661026266988943e-5,NaN,budget,-511.3310167437496,NaN,0.8709331107827412,-0.3827302499833172,1.141371415494763,0.5994118330622633,0.82929903624983,-0.005867585192442654,0.1965778967093989,0.8119646191236409,0.0946833618553611,1.0056626912620374,0.15006612341855907,7.704218945588663e-5,3.328859327856919e-6,-0.0024751079040855146,8.523477983408845e-5,1.7638577202677865,1.8146946473085845,0.6162330634444882,0.037577862382406485,0.14935320274088348,0.003032638942212508,0.872463542997776,0.08767777081586504
nu_dakami_IO,IO,is,50000.0,41,output,50000.0,NaN,NaN,572.2066838,572.2066838,NaN,50000,1.7098300822051042,3.419660164410209e-5,NaN,budget,-511.18550139274424,NaN,0.9116894338248072,0.1738542620773529,0.49888556962707264,0.6722988320444858,0.5547965691664575,-0.048053584129844826,0.12877108599775772,0.944284895042806,0.07252288460377933,0.9547354569712603,0.1196647795231911,7.80932624069692e-5,1.228097447621491e-6,-0.0024486750328342934,4.1833250110453464e-5,0.880546165881092,1.658674837584403,0.5927511547393816,0.035438047994771224,0.14385079717658664,0.0032106815559778427,0.9033518617890965,0.07789525286771712
nu_dakami_IO,IO,mh,50000.0,11,output,50000.0,NaN,NaN,550.8678124,550.8678124,NaN,48492,44.51066791416734,0.0008902133582833468,NaN,budget,NaN,NaN,0.6659655200857866,-0.12070844506513266,0.9049079003293747,0.6346706774131365,0.9103612506104266,0.0383457499966821,0.2215357651869788,0.860599628814569,0.130845425422481,1.0127652691436628,0.19332223859773506,7.713675260508527e-5,2.209091434409451e-6,-0.0024598391279471547,5.8720695221809185e-5,3.237387926189651,1.8842169103611914,0.6046639970402266,0.040298721237471205,0.1486013216684231,0.002948447178259081,0.8407453967994946,0.1292895727986501
nu_dakami_IO,IO,mh,50000.0,23,output,50000.0,NaN,NaN,929.7792516,929.7792516,NaN,48492,38.72997153606342,0.0007745994307212684,NaN,budget,NaN,NaN,0.6512208199290597,0.0360538545438886,0.9856077112029138,0.5621945888929285,0.9447850283209223,0.02572929073532887,0.22959708227039732,0.8565981100448875,0.1313777724460678,1.0041564979119384,0.20033709132020747,7.751421544119255e-5,2.2564884656346613e-6,-0.002457758765948558,5.824820245383155e-5,3.210951733284945,1.786199825006705,0.6016118430673134,0.041954655739632384,0.14859128312254033,0.0029479927231565763,0.839224905427074,0.13048029592687965
nu_dakami_IO,IO,mh,50000.0,41,output,50000.0,NaN,NaN,505.1879471,505.1879471,NaN,48492,28.451428519378844,0.0005690285703875769,NaN,budget,NaN,NaN,0.5450177348841043,0.05848431451840026,0.9852054668235019,0.5695657886495336,0.935403125271201,0.046078153116198214,0.22625389998897769,0.8653458540355828,0.13247253254328217,0.9960763765588556,0.19928062876989144,7.751735283004275e-5,2.284902388856263e-6,-0.002458684185314696,5.7911880020670534e-5,2.662094823749424,1.7471511898304368,0.6016669904267825,0.04268848302988145,0.1486054964943162,0.0029866221377699946,0.8096246922657984,0.13636437235811688
nu_dakami_IO,IO,mw,50000.0,11,fresh,50000.0,37750.0,12250.0,418.4212882343323,390.3822882,28.039000034332275,12250,3715.3601943091317,0.07430720388618263,0.3501813266378818,T_max,-511.2953077064983,0.01369436248286572,0.6266835573607942,0.007089621516580474,0.9727637161211412,0.6463630665484679,0.9088804715461899,0.03923380908770331,0.22135353375660996,0.8579825017544676,0.1312651564401615,0.9952415131989774,0.20057232169580766,7.733907749602377e-5,2.250573033112284e-6,-0.0024599522664239745,5.8163630001001364e-5,3.0629008829031377,1.794631442769525,0.6042192772547801,0.041311982540601255,0.14851395705573675,0.002835886883257379,0.831396157321409,0.13340049491361178
nu_dakami_IO,IO,mw,50000.0,23,fresh,50000.0,36634.0,13366.0,594.0150036675751,553.2810037,40.73399996757507,13366,3300.5596297231386,0.06601119259446277,0.5327955526200454,T_max,-511.2909158760763,0.015105604753053802,0.6105863916067544,0.01899656126593009,0.9654076730144365,0.6231698759671402,0.9251351017279762,0.04210159331891421,0.219200726366229,0.8662459440664028,0.1355450778603542,0.9968738645282729,0.1944357725838436,7.739838436687143e-5,2.2695152960717154e-6,-0.002458155207374013,5.672176595858589e-5,3.0192035453507855,1.7828726035523665,0.6039119003042644,0.04226270507617468,0.14854734150970555,0.0027696909916813356,0.8272151041265015,0.13262372223108607
nu_dakami_IO,IO,mw,50000.0,41,fresh,50000.0,35953.0,14047.0,327.8440638141693,294.5040639,33.33999991416931,14047,107.19129464079074,0.002143825892815815,0.5205063236732655,T_max,-511.21948924215627,0.0962215429760027,0.5635092158802655,-0.12203335263047602,1.0473021427870484,0.6312052759119787,0.8877488455818875,0.06686123289140374,0.2274760215472853,0.8674078180408533,0.1253866171078697,0.9716690698544889,0.20834429616715194,7.706454640184945e-5,2.426388674313022e-6,-0.0024610630005572984,5.568150316884248e-5,3.1567236120703335,1.749869196933186,0.6020152588930144,0.03826394736947618,0.1484913291645555,0.0027183944752438606,0.8102035014998753,0.1395351531326815
nu_dakami_IO,IO,ns,50000.0,11,output,43619.0,NaN,NaN,544.6638378,544.6638378,NaN,10277,2.810461325144175,6.443204395204325e-5,NaN,budget,-510.9905080342855,0.05368153939276144,0.8654628702508788,-0.5313542215025837,1.1634967957758267,0.869702085066828,0.8976367699036357,0.3544039227562941,0.20135687651471204,0.9226601646978813,0.07936974083233926,0.9677318618151572,0.1657863588482615,7.728881779334859e-5,1.4478656460335193e-6,-0.0024826192079726805,4.4785639615732393e-5,4.180321984759955,1.7452680260672726,0.6331450562302694,0.0634883395898512,0.14699146583577596,0.0017744229050895416,0.9071976890714146,0.0900856965757431
nu_dakami_IO,IO,ns,50000.0,23,output,43541.0,NaN,NaN,851.1220336,851.1220336,NaN,10209,10.492625700941433,0.00024098265315315297,NaN,budget,-512.2505286769025,0.050118236796920186,0.9079827929869958,0.4906501719241685,1.1145787059001193,0.22104207447161262,0.7577675838605032,0.049670704253566164,0.26631452098049413,0.864379292568694,0.13879579030577383,1.031790983818221,0.27129666079452747,7.956094063276457e-5,2.5788961427671325e-6,-0.002487276138396177,6.799807774447517e-5,2.9516683863699833,1.6382376214126904,0.60051836889668,0.042480220274181184,0.147906330598424,0.0036176022642585956,0.9022406175720887,0.08816207755167571
nu_dakami_IO,IO,ns,50000.0,41,output,43527.0,NaN,NaN,471.2687036,471.2687036,NaN,10192,5.603830733788211,0.00012874378509403843,NaN,budget,-512.6609364945006,0.0509855801277603,0.638668479406465,-0.27558393336134984,0.9431140438146303,1.231348294389931,0.9133897420700198,-0.0335802575565171,0.2589221417823915,0.8080456576559676,0.12708033757859263,0.819307539814448,0.27273454575889444,7.642989686959034e-5,2.1430125616747733e-6,-0.002425260714413221,7.272897384640663e-5,2.6622299560360547,1.5598003698153167,0.6350513191832595,0.060820195767349386,0.1486453180868152,0.003564082575347086,0.7949068516958366,0.1252960293982256
nu_dakami_IO,IO,is,500000.0,11,output,500000.0,NaN,NaN,10219.3924949,10219.3924949,NaN,500000,25.925713940660728,5.1851427881321454e-5,NaN,budget,-511.39527299691014,NaN,0.5966706499883454,-0.039499218970068556,0.9406660061386308,0.46498297015516254,0.9565396180907335,0.03322719527462707,0.24288784807582048,0.8345166720207478,0.14499745794442156,1.0126686307635533,0.17588148675198192,7.733805604836145e-5,2.1701107801395977e-6,-0.0024714091165041353,6.32840596550633e-5,2.7030992530206905,1.8665525318183642,0.6007041272493772,0.042376984275874705,0.14861882020908418,0.0028064186783105342,0.8285964243998911,0.13066973714764255
nu_dakami_IO,IO,mh,500000.0,11,output,500000.0,NaN,NaN,6713.6077084,6713.6077084,NaN,484992,330.97515864984365,0.0006619503172996873,NaN,budget,NaN,NaN,0.619006086698337,0.010409014037973613,0.9957132367362521,0.6183827088663617,0.924272045014146,0.03847275491420295,0.2232151678884849,0.8645095524884256,0.13249630519224295,1.0019682869195232,0.19824867629719803,7.736932542148194e-5,2.284185284005792e-6,-0.002458598378248301,5.759125848529552e-5,3.0293694921000274,1.8230106021120924,0.6037418936205599,0.04163807701085039,0.14853706937300437,0.0028552310715375547,0.8291918071063409,0.13261015190455028
nu_dakami_IO,IO,mh,500000.0,23,output,500000.0,NaN,NaN,9773.9550257,9773.9550257,NaN,484992,402.59635239639806,0.0008051927047927961,NaN,budget,NaN,NaN,0.6071605304829766,0.010334816052536715,0.9886412098607826,0.600737649839945,0.906441024220874,0.03536225176174483,0.22320551890305396,0.8611350366904009,0.13185697888462694,0.9972185664249449,0.19426790658276089,7.74028540179418e-5,2.2618442978531898e-6,-0.0024572415542217342,5.737556982310731e-5,3.0084628523701995,1.8045265037226808,0.6025402748410487,0.040486567708979876,0.1485935284912825,0.0028277078666059242,0.8262901593058086,0.1329178913618839
nu_dakami_IO,IO,mh,500000.0,41,output,500000.0,NaN,NaN,5317.8795737,5317.8795737,NaN,484992,404.19013603093083,0.0008083802720618617,NaN,budget,NaN,NaN,0.5888262074425967,-0.005687990513275627,0.9892719336339134,0.6029570089544705,0.9318145958432328,0.04031857064282965,0.22311108829643436,0.8655252763586934,0.1327382670415707,1.0001743441117354,0.1957349182758268,7.737605825900576e-5,2.274554014419091e-6,-0.0024573916004702553,5.709228960885105e-5,2.955628905354475,1.794609676864242,0.6027507576666402,0.042087292633694214,0.14857635410791598,0.0028373383980093473,0.8202677515004962,0.133770340735441
nu_dakami_IO,IO,mw,500000.0,11,fresh,175391.0,115391.0,60000.0,1116.396372692099,984.1533729,132.242999792099,60000,11632.565131432963,0.06632361484587557,0.4949043730388259,T_max,-511.26795537632046,0.008324665183535584,0.6155972552524112,0.00545889759757748,0.9861699086597291,0.6308716750718923,0.9165240408735075,0.04107280797539097,0.2212996539213673,0.8621305989034692,0.13056682769391814,0.9980189459425897,0.1956705104321464,7.739330439691271e-5,2.290075113204825e-6,-0.0024597256398222528,5.681342712065623e-5,3.0203775274965095,1.8022232050133478,0.6046343167748971,0.04239649366155982,0.14851549559130767,0.0028430786779124434,0.8284413844366623,0.13315640021518943
nu_dakami_IO,IO,mw,500000.0,23,fresh,175086.0,115086.0,60000.0,1023.6077351858307,884.3227351,139.2850000858307,60000,16119.302522461723,0.09206505672904586,0.51392189583213,T_max,-511.28823267919023,0.0067358379734426856,0.6137832574468123,0.007679752521903055,0.9765767095419066,0.614745976912443,0.9148247420902755,0.039876072032493826,0.22433705868669765,0.8623956326811885,0.13248010158954668,0.9961520223919937,0.1949243248921725,7.739795406793219e-5,2.255394774980233e-6,-0.0024589556486495846,5.67209102115998e-5,3.0295345461819916,1.8022981719463498,0.6034798189716377,0.041455928956053094,0.14854266587693862,0.0028341038923388033,0.8278124632820034,0.13310611196609748
nu_dakami_IO,IO,mw,500000.0,41,fresh,174864.0,114864.0,60000.0,913.8060520752044,782.2300521,131.57599997520447,60000,3039.6721378011616,0.0173830641973257,0.5104141436388653,T_max,-511.2676110369431,0.017672616889306384,0.5959082076281297,0.013338583085816647,0.9901429113280789,0.6367842378878277,0.9206811333880394,0.03542547671739432,0.22351083105026362,0.8614547070891452,0.13319231923802793,1.0016867300436851,0.19539681091710265,7.736853313037118e-5,2.2474168688943385e-6,-0.0024580374572888194,5.785518572919085e-5,2.979380920483887,1.7867995923467206,0.6053522000903848,0.044092057924174075,0.14856586949869643,0.002826595989262278,0.822277327833274,0.13509159293155532
nu_dakami_IO,IO,ns,500000.0,11,output,342993.0,NaN,NaN,4743.2173321,4743.2173321,NaN,19325,76.56788827444232,0.0002232345507763783,NaN,maxcall,-509.8299600173902,0.05090169712394352,0.4277874838785611,0.1417481961097362,0.8621264923311558,0.5876225864958965,0.8282133708210884,-0.00975370083732726,0.22764671876298245,0.8559704570664559,0.13714029792668453,0.9939870021350062,0.19076871866363665,7.768794220343543e-5,2.22973837455729e-6,-0.0024517295060973573,5.655285528008586e-5,3.184350698461039,1.7592631707864068,0.600008853102796,0.037677935734928454,0.1487180483902081,0.0025952550137333334,0.7694636263001241,0.13102286925385676
nu_dakami_IO,IO,ns,500000.0,23,output,343045.0,NaN,NaN,1814.2739014,1814.2739014,NaN,19389,74.4926339594542,0.00021715120161918755,NaN,maxcall,-509.7688630455156,0.0505258716762761,0.6806748237478614,-0.02735424062253028,0.9343046059994301,0.5508570627386531,0.9388216823946278,0.062336912614213945,0.2066106428817118,0.8791527580021437,0.13241970352647792,0.9893500699837502,0.18046486329471254,7.757887521354349e-5,2.259285138865603e-6,-0.002453278840497018,5.5222772057470534e-5,3.0710199303881924,1.6143101935638673,0.6019028149472865,0.03831504507870835,0.1483985655665636,0.0029278202932133805,0.8418411973639575,0.1237519409074538
nu_dakami_IO,IO,nuts,500000.0,11,output,450313.0,NaN,NaN,5365.9089975,5365.9089975,NaN,937,53.283168231584625,0.00011832473908500227,NaN,budget,NaN,NaN,0.5580404685835999,0.023825477042259385,0.9387442540362657,0.58227719567051,0.9493261687485286,0.027385924379588276,0.22513714634437187,0.8621367765555622,0.1325231215413067,0.9929258080323732,0.19794936092618126,7.746802910544254e-5,2.330748663124482e-6,-0.0024569043168279512,5.701157820073241e-5,2.731632585639793,1.7517354782024455,0.6032016951405547,0.04393885105438638,0.14844507299282872,0.002755868085886768,0.8113645900874732,0.13717840915564247
nu_dakami_IO,IO,nuts,500000.0,23,output,450241.0,NaN,NaN,2823.6283501,2823.6283501,NaN,700,44.757776685014875,9.940848719911087e-5,NaN,budget,NaN,NaN,0.6894586894586893,-0.040707827820834784,0.8983233343396686,0.6833331698048684,0.8653501386401222,0.03821527929452905,0.2247868519771652,0.8573742516104963,0.12515218294455188,1.00245228799953,0.19725951135138606,7.736540975166541e-5,2.265506642349362e-6,-0.002457485198256453,5.6647580621955315e-5,2.9529937585994452,1.7250267688992125,0.6066503596614728,0.040588585430891985,0.14856641291708783,0.0028507575582430137,0.8452851399082668,0.12798514221842003
nu_dakami_IO,IO,ns,4.0e6,11,output,850365.0,NaN,NaN,8763.9236365,8763.9236365,NaN,38829,18398.09503383681,0.021635527136978604,NaN,dlogz,-509.1673540239132,0.05058293525769195,0.579961504336468,-0.0031437919444908713,0.8938004127437091,0.503348484652673,0.8378198544813671,0.017908179188802702,0.19505457710597301,0.8655436497331649,0.12200831712211073,0.9982205945711842,0.18285096663488085,7.747133441249907e-5,2.0519749629203657e-6,-0.0024594970135544568,5.32085639681353e-5,2.8784786566415614,1.7774065504820455,0.599035348234136,0.03751876509414329,0.14853977597163084,0.002501872448369203,0.8191285150238667,0.13441929166395866
nu_dakami_NO,NO,is,50000.0,11,output,50000.0,NaN,NaN,640.0549318,640.0549318,NaN,50000,1.5081435677366464,3.016287135473293e-5,NaN,budget,-509.34783876304556,NaN,0.9736433757126354,-0.6205375517169913,0.5751477521522417,0.17534946770138757,0.29731823475884583,-0.03697815709556282,0.0835977638317738,0.7208894788516543,0.08876697677426752,0.9824560316536491,0.0924653910816102,7.729695954624385e-5,1.1098241285988544e-6,0.002486518348222071,4.302921014258299e-5,0.7688847761028593,1.5673185816558513,0.5807556813948391,0.017916539370210604,0.14820552443683907,0.0012706323502775724,0.9112339790681496,0.03998877528076243
nu_dakami_NO,NO,is,50000.0,23,output,50000.0,NaN,NaN,988.8554555,988.8554555,NaN,50000,7.260805063591858,0.00014521610127183718,NaN,budget,-511.1602572332635,NaN,0.8051515736340182,-0.4703591130113457,0.9382861593817022,0.7515174265517344,1.0139183654366213,0.04051416654630838,0.21380881051704811,0.8094708114503477,0.10253017378935686,1.0945223036754244,0.1756209363701457,7.703286479673276e-5,2.5844611743878665e-6,0.0024903279441937146,5.1452135357763444e-5,3.1957848221492364,2.4119187789730407,0.6337030463938744,0.05162592935353323,0.1490076037458745,0.0031935219542808015,0.8598697916957703,0.08951916999018432
nu_dakami_NO,NO,is,50000.0,41,output,50000.0,NaN,NaN,530.1800121,530.1800121,NaN,50000,2.010289200064568,4.0205784001291356e-5,NaN,budget,-510.517530438251,NaN,0.8970533066579958,-0.05817794580629915,0.6798279124638055,0.6250279862567825,0.5100928915012579,-0.05786747997265165,0.10601796002851616,0.9331027258565805,0.08381989273871973,0.9308689058567651,0.10279651993563844,7.787246221074166e-5,1.575062325781615e-6,0.0025391242299726566,3.82576067945759e-5,1.0980874498018072,1.71143149151112,0.5895386273339365,0.0348098668667142,0.14491158620390765,0.004051243217180984,0.8921801432110965,0.07772904140917052
nu_dakami_NO,NO,mh,50000.0,11,output,50000.0,NaN,NaN,893.99172,893.99172,NaN,48492,72.88507484492239,0.0014577014968984478,NaN,budget,NaN,NaN,0.5531634083972612,-0.04400824007760351,0.9605336093703034,0.6216780798872517,0.9263091525389747,0.01108814394418509,0.22366950438276512,0.8622130310471913,0.13076212407643403,0.9948453988767787,0.19881522244942776,7.725828112185263e-5,2.260957848281462e-6,0.00252423171850353,5.547741982226064e-5,2.9192969143868748,1.8252534599881471,0.6029682080382384,0.04158105498034523,0.14844972746217455,0.0029069771231273454,0.8098227165810821,0.12139263967675153
nu_dakami_NO,NO,mh,50000.0,23,output,50000.0,NaN,NaN,566.735178,566.735178,NaN,48492,43.347167754549595,0.0008669433550909919,NaN,budget,NaN,NaN,0.6689969479501764,0.059125093520058805,0.9595965034944964,0.48714204553156615,0.9714965368322444,0.0412803210888969,0.22940901273741843,0.8607323278518983,0.1337099650327517,0.9904788043919959,0.18462133402431802,7.744558396580154e-5,2.192310238718811e-6,0.002525482669769566,5.5830571490172154e-5,3.0053919177569535,1.8080481461671072,0.598314080615295,0.041708605477856264,0.1484205008631811,0.002972245053618615,0.8381168403765838,0.11392397102172874
nu_dakami_NO,NO,mh,50000.0,41,output,50000.0,NaN,NaN,650.4042117,650.4042117,NaN,48492,42.7928564498382,0.0008558571289967639,NaN,budget,NaN,NaN,0.6486843190629374,-0.023037719359494085,0.9745024359121396,0.5529801184299796,0.9537685987233531,0.05568705867114221,0.2233563068079369,0.8603027318948828,0.1368352097081633,0.9955608620620467,0.20291847688432105,7.744701269864283e-5,2.3256894018788056e-6,0.002526990265595189,5.658929950295372e-5,2.7582618726954538,1.8067322579719622,0.5993577977587877,0.041203077385862936,0.14845033613027767,0.0029674646888816695,0.8325443738683322,0.11808793577103462
nu_dakami_NO,NO,mw,50000.0,11,fresh,50000.0,38028.0,11972.0,826.8928979087189,758.5818978,68.31100010871887,11972,3148.1615195732347,0.06296323039146469,0.29975910185618987,T_max,-510.8581995091518,0.015301536987085081,0.5877507650725218,0.03655428027715116,0.9636762378246038,0.5508139786712924,0.9024973014017342,0.03807138902477376,0.22578163422315514,0.8635186858466473,0.13059513856714422,0.9928178641247873,0.19399447557590266,7.742653754475942e-5,2.2716454945018307e-6,0.0025265381062914783,5.458076025575112e-5,3.0583520342382924,1.8539700219117707,0.5989547257330355,0.03995312397311122,0.14839864684738638,0.0028453691840407956,0.8170213694194979,0.12054018937375018
nu_dakami_NO,NO,mw,50000.0,23,fresh,50000.0,38485.0,11515.0,477.3071508629425,442.6731508,34.634000062942505,11515,2775.8098791587045,0.05551619758317409,0.21463516968823843,T_max,-510.8802939784212,0.016535891828950336,0.6078955119637371,0.015672722043524684,0.9867736744802097,0.5611088611546842,0.9145728464486853,0.04759314049633872,0.22366477670161372,0.8552767800875098,0.13110275501312543,0.9934868370543936,0.20012411356276683,7.741681490714493e-5,2.266463222413812e-6,0.0025222340257708776,5.468796773992034e-5,3.0246525206015646,1.8676703961846282,0.6005239930326193,0.039530632112310886,0.14838856066021366,0.002844756601824067,0.8222241213817201,0.11818051377415748
nu_dakami_NO,NO,mw,50000.0,41,fresh,50000.0,38812.0,11188.0,2164.6628917247954,2139.9888917,24.674000024795532,11188,2716.2188612929112,0.05432437722585823,0.3587599309505815,T_max,-510.91926136446205,0.016697373597879994,0.6196984521367024,0.03752255934319664,0.9938751087191564,0.5864997561408689,0.918462787595836,0.02584117143793045,0.2195894277553949,0.8632210742805181,0.13146548513274992,0.9975602863653568,0.1949970471483327,7.750147995005296e-5,2.2598075234138415e-6,0.0025248936112764724,5.314868025920129e-5,3.032042462901245,1.8300398193598952,0.6008407586939991,0.03980649607480203,0.14840411303098167,0.0028606311794116416,0.8248435572468269,0.11885012004989681
nu_dakami_NO,NO,ns,50000.0,11,output,41133.0,NaN,NaN,869.7031242,869.7031242,NaN,7788,2.856039362429172,6.943425868351863e-5,NaN,budget,-511.60222161464503,0.05101011927863783,0.05167182546328487,-0.8893911307779299,0.7661008171864288,0.2049727193724622,0.7601551162896882,0.06290110105413278,0.2770797808597739,0.8208472422626132,0.12055887695035301,0.9601230556698913,0.09899200528584032,7.661590799403902e-5,1.5301391485284659e-6,0.0024909359104252063,5.738200742041086e-5,3.193709789855079,1.0211052379163443,0.6075495929528174,0.028533000226065055,0.14981340966225185,0.0034560682422298855,0.6802671453325854,0.07090161731260174
nu_dakami_NO,NO,ns,50000.0,23,output,43541.0,NaN,NaN,550.2971826,550.2971826,NaN,10197,6.333474304408505,0.0001454600102066674,NaN,budget,-510.9747034245202,0.0515348965286595,0.7154561975004352,-0.3170608603502569,0.7225881766368969,0.8313453880502824,1.0600313309737757,0.048315559297537045,0.23235344966841112,0.8164765586296201,0.10653382133113702,1.0195183734943762,0.21892216813660387,7.670744467093307e-5,2.100697835176094e-6,0.0025299055534783676,4.770590265357715e-5,4.076301051628902,1.5402284198521448,0.6185114736359996,0.04902984479665634,0.1481964845602881,0.0031192694272422555,0.8167210381771887,0.08473350194049002
nu_dakami_NO,NO,ns,50000.0,41,output,41055.0,NaN,NaN,470.5996396,470.5996396,NaN,7707,5.148052926334046,0.00012539405495881246,NaN,budget,-511.29181721443564,0.049740131466185375,0.5949728738622067,-0.2913037997518812,1.6928648569524314,-0.06659460140329562,0.5529509587226845,-0.16853598177260717,0.2088871298159748,0.8730400561877382,0.1467406502466967,0.9532489079042831,0.23655955325529215,7.81290307546836e-5,3.592161875714663e-6,0.002538443498518537,4.0208351506890745e-5,3.934007339090563,1.4510976711272552,0.5625541988237817,0.03312575912063122,0.14978124611315158,0.003771407138962973,0.8260513514294568,0.13002703971768578
nu_dakami_NO,NO,is,500000.0,11,output,500000.0,NaN,NaN,6362.0711341,6362.0711341,NaN,500000,9.846483951511697,1.9692967903023393e-5,NaN,budget,-510.61962123058356,NaN,0.6581153430149452,-0.2222373349600271,0.8949759087419437,0.3629906237248374,0.7958789700423945,0.02870850288807568,0.19864231613723513,0.8214629526233066,0.15053551886713315,0.96266240866746,0.1678085903424923,7.732560671538791e-5,2.0976916898519454e-6,0.0025044475495245005,5.066835459028821e-5,2.1613217494842756,1.9975583841960802,0.595117731949967,0.037519204901957676,0.14804797280429574,0.002411746060212719,0.8322927771365206,0.11130720600275881
nu_dakami_NO,NO,mh,500000.0,11,output,500000.0,NaN,NaN,5995.0305817,5995.0305817,NaN,484992,594.1251804105018,0.0011882503608210036,NaN,budget,NaN,NaN,0.5966943784639746,0.0128077806438078,0.9751090047978362,0.5636176204295045,0.9231100379947886,0.029343058811163773,0.22613597010531786,0.8637093176657902,0.13112700388022047,1.0072481929937398,0.19504041747003967,7.739770011453918e-5,2.273623605205323e-6,0.002525559348728307,5.462833932106517e-5,2.9910899595267963,1.8507044530984922,0.6003252172277214,0.040391102624054515,0.14840952235048083,0.0028117906086600063,0.8197142418363257,0.11977996901357346
nu_dakami_NO,NO,mh,500000.0,23,output,500000.0,NaN,NaN,6112.8489219,6112.8489219,NaN,484992,644.1909847406718,0.0012883819694813434,NaN,budget,NaN,NaN,0.6191627903140668,0.0067304997780723436,0.9747100020569576,0.5472340366365211,0.9094129951884967,0.029077187336380837,0.2244157310115105,0.8602653720696207,0.1330562073145735,0.9904019248784206,0.19102927046926765,7.742024571207231e-5,2.269203495865086e-6,0.0025263452335109694,5.530920492604708e-5,2.909554820522868,1.8219436503162323,0.5993395997904808,0.03940990638022592,0.1484112591553672,0.002833426313674118,0.8250286300509737,0.11931877046707999
nu_dakami_NO,NO,mh,500000.0,41,output,500000.0,NaN,NaN,5217.5709648,5217.5709648,NaN,484992,694.4054370642767,0.0013888108741285535,NaN,budget,NaN,NaN,0.6109935833993138,0.007413306251431152,0.9964248155971434,0.5378686906171602,0.9263074357909039,0.03819610863841652,0.2263354666768351,0.8629991712718451,0.13285234936600387,0.9974456590012724,0.19849266162872944,7.740152767357272e-5,2.2964481254626152e-6,0.002525833090845489,5.5121621277430275e-5,3.0542898380349985,1.8452213957227666,0.599264761580143,0.040727357367473994,0.1484126671064565,0.0028326500304973164,0.8226648577478186,0.1192732141893979
nu_dakami_NO,NO,mw,500000.0,11,fresh,177567.0,117567.0,60000.0,1133.4294038430512,1001.9544037,131.47500014305115,60000,20394.18873844085,0.11485348481666555,0.3508067191758446,T_max,-510.8758114367492,0.005689239722574935,0.6116087476433463,0.02892176616775213,0.9706300691934607,0.5615997191984486,0.9134972013198902,0.03277157238912359,0.2229038758181723,0.860689438466671,0.1310084084824945,0.9993567844757829,0.196803289499137,7.743898555834385e-5,2.285802457500849e-6,0.0025261338502383882,5.500309094163469e-5,3.031432792981313,1.8487338838109264,0.599952125122041,0.039660992488148326,0.14840201839025124,0.002812750345405729,0.8230277761257432,0.11919352800425231
nu_dakami_NO,NO,mw,500000.0,23,fresh,177693.0,117693.0,60000.0,1052.806178549591,899.8331785,152.97300004959106,60000,17688.991849727707,0.09954805113160173,0.36953848103312464,T_max,-510.8723023402653,0.006313979096720817,0.604263723081619,0.03582396147900257,0.9757775746656462,0.5691320406675434,0.909436673100257,0.03384078478558415,0.22433388948163527,0.8632040104576667,0.13242043023974764,0.9964320069976514,0.19593620816616814,7.745804716275352e-5,2.2947428076050545e-6,0.002525939603237177,5.505271536525253e-5,2.9958485638176717,1.8419048688685844,0.6002251914423278,0.03963578845505795,0.1484054231958652,0.002820130996768029,0.8213209352867363,0.11959912876193805
nu_dakami_NO,NO,mw,500000.0,41,fresh,178203.0,118203.0,60000.0,932.7020037010894,801.4830036,131.21900010108948,60000,1556.5738490731958,0.008734835266932632,0.6346624705906453,T_max,-510.85446859387145,0.025015602247000297,0.5923743247266038,-0.0043322462200903675,1.0440836751685636,0.5720049860063983,0.9053238460646862,0.03689698849985608,0.2220300977855376,0.8662486134874621,0.13555402635734062,0.9997886219770206,0.19531823322504563,7.7437645867513e-5,2.2712204047136137e-6,0.0025276184330125656,5.748600369252044e-5,2.97419310581011,1.8697007088208373,0.6009424167040663,0.03986009489087732,0.14833612462012602,0.002932387934551581,0.8174046862366471,0.12095417476728434
nu_dakami_NO,NO,ns,500000.0,11,output,345302.0,NaN,NaN,5920.632569,5920.632569,NaN,21643,212.2045405077024,0.0006145476727841205,NaN,maxcall,-509.6096552786249,0.050540383942295125,0.6202331940041532,0.04489356237177099,0.9499965222904178,0.524687187424087,0.8982466498019874,0.02954158676300514,0.22339932036316248,0.8739690698126056,0.12814261533397991,1.0094694793476218,0.19556396896618486,7.733403581807572e-5,2.1966420134370937e-6,0.0025256093041017835,5.575701611429476e-5,3.229074088014264,1.72163841492726,0.5994472378337051,0.03994378353728629,0.14826664043233218,0.0028409702697687607,0.8279327534521501,0.11454020413499857
nu_dakami_NO,NO,ns,500000.0,23,output,345323.0,NaN,NaN,2172.8546542,2172.8546542,NaN,21654,157.65527814902921,0.00045654438930806584,NaN,maxcall,-509.4542987606504,0.05105882395379842,0.5567732987084378,0.06995356586201296,0.9827391370376286,0.602851743686697,0.9025472465526716,0.01748691864458834,0.2071889509342281,0.8740845191319413,0.12325587132255227,1.0195631559818075,0.1841356886003146,7.762465760210504e-5,2.364304554697782e-6,0.0025226901461825337,5.2408477729832016e-5,2.650625837739242,1.6509403316603906,0.6009978307264336,0.037332235198145984,0.14830059705898335,0.0028167350451463527,0.8152581565089678,0.12335006669385908
nu_dakami_NO,NO,nuts,500000.0,11,output,460858.0,NaN,NaN,5135.5527997,5135.5527997,NaN,944,122.7795705161706,0.0002664151875765867,NaN,budget,NaN,NaN,0.6194503171247359,0.0005021084974461134,0.993324869738993,0.5112119308306392,0.9430952932010513,0.046301070935868334,0.2288477111211985,0.8621714584084648,0.1301930741894474,1.0093839532379747,0.2035893530805535,7.731106299386778e-5,2.3334101322199968e-6,0.0025233754393163233,6.071786920018663e-5,3.09489653355178,1.7676640897261628,0.5979719058078339,0.04025058716809806,0.14840674811870339,0.0029006485970777237,0.8252778847595799,0.11694888511529321
nu_dakami_NO,NO,nuts,500000.0,23,output,450452.0,NaN,NaN,2915.756282,2915.756282,NaN,745,83.01887565309202,0.00018430126995349564,NaN,budget,NaN,NaN,0.6804812834224595,0.021512283249708827,0.9603263898149045,0.6157158614862054,0.9453988216264528,0.032654039949018,0.21374999225324584,0.8582474815978488,0.1264594882684277,0.9888542785435885,0.19088563441959863,7.742572971389022e-5,2.128296979071201e-6,0.002525566784886668,5.5974366556385224e-5,2.926429867107259,1.861544999722716,0.6040883264205735,0.04343116533909005,0.14845168283562613,0.0027584302104246097,0.8378091150924452,0.11502535874787907
nu_dakami_NO,NO,ns,4.0e6,11,output,844282.0,NaN,NaN,8601.7988566,8601.7988566,NaN,41548,18910.70591354663,0.022398565779617036,NaN,dlogz,-509.39477101827265,0.05279206113062781,0.6168372995150919,-0.018850801795041835,0.8772904482206408,0.5042130580378646,0.8087848959532928,0.0349768027016024,0.20699764497577083,0.8598612902912328,0.12081545248579745,0.9993646501306701,0.18012769343607576,7.741071645097398e-5,2.055476180777553e-6,0.0025260045782236756,5.029914673640227e-5,3.0403181247467446,1.7467483359479246,0.5965183948509885,0.033935813294718,0.14832983679924772,0.0024956226363540552,0.8239840193025013,0.1180298906455371
