ordering,alg,B,n_seeds,Nlike_mean,P_upper_octant,C_adapt_mean,N_fresh_mean,dcp_mean,dcp_q16,dcp_q50,dcp_q84,dcp_sd,dm21_mean,dm21_q16,dm21_q50,dm21_q84,dm21_sd,dm31_mean,dm31_q16,dm31_q50,dm31_q84,dm31_sd,dm32_mean,dm32_q16,dm32_q50,dm32_q84,dm32_sd,estimator,kamland_energy_scale_mean,kamland_energy_scale_q16,kamland_energy_scale_q50,kamland_energy_scale_q84,kamland_energy_scale_sd,kamland_flux_scale_mean,kamland_flux_scale_q16,kamland_flux_scale_q50,kamland_flux_scale_q84,kamland_flux_scale_sd,kamland_geonu_scale_mean,kamland_geonu_scale_q16,kamland_geonu_scale_q50,kamland_geonu_scale_q84,kamland_geonu_scale_sd,nc_norm_mean,nc_norm_q16,nc_norm_q50,nc_norm_q84,nc_norm_sd,neff_pooled,nutau_cc_norm_mean,nutau_cc_norm_q16,nutau_cc_norm_q50,nutau_cc_norm_q84,nutau_cc_norm_sd,sin2_2th13_mean,sin2_2th13_q16,sin2_2th13_q50,sin2_2th13_q84,sin2_2th13_sd,sin2_2th23_mean,sin2_2th23_q16,sin2_2th23_q50,sin2_2th23_q84,sin2_2th23_sd,sin2_th12_mean,sin2_th12_q16,sin2_th12_q50,sin2_th12_q84,sin2_th12_sd,sin2_th13_mean,sin2_th13_q16,sin2_th13_q50,sin2_th13_q84,sin2_th13_sd,sin2_th23_mean,sin2_th23_q16,sin2_th23_q50,sin2_th23_q84,sin2_th23_sd,tan2_th12_mean,tan2_th12_q16,tan2_th12_q50,tan2_th12_q84,tan2_th12_sd,th12_mean,th12_q16,th12_q50,th12_q84,th12_sd,th13_mean,th13_q16,th13_q50,th13_q84,th13_sd,th23_mean,th23_q16,th23_q50,th23_q84,th23_sd
IO,is,50000.0,3,50000.0,0.9033645716807952,NaN,NaN,1.4833453929992269,0.0912504923837954,0.12559845535173378,3.4990300112989896,1.787304001422701,7.7458204990422e-5,7.434908804707697e-5,7.739685086191809e-5,7.95682602265629e-5,2.2749562705421525e-6,-0.002470673602399636,-0.0025302932966479313,-0.002447442447101177,-0.002378293037458069,6.68598466336382e-5,-0.002548131807390058,-0.0026076901475098496,-0.0025257430972665477,-0.0024568378696328713,6.584587326867533e-5,output,-0.2309987764386365,-1.3910222113605557,-0.022364021071628937,0.9093399447486923,0.8837247277551185,0.5849377062640233,0.021571153630768336,0.6571280701114413,1.2602067516482771,0.6578526677742664,-0.046742874490797774,-0.18026497383193152,-0.07381807261707168,0.1197811917648095,0.1772674638941607,0.8547770358242466,0.6865754940385504,0.8731795987410189,0.9583023858945164,0.12099043520222758,10.585880615842271,0.9929506801082667,0.9424590944947574,0.969324072183394,1.0631382023269376,0.12503013173302185,0.08449034897123334,0.07897103770743638,0.08525136475063905,0.0891111978656438,0.004133731770296878,0.9280680913889725,0.9047009161321724,0.9175120027883646,0.9665083528104499,0.032759893052905824,0.32173573279055534,0.2951318723105417,0.3082245866209574,0.3516816920091928,0.03417045071786717,0.02158987667159639,0.02014873077885799,0.021787537999750334,0.022797526689572727,0.0010801176293873552,0.6093078701423277,0.5521217303973528,0.6436036186971236,0.6518767960790598,0.07768376070778844,0.47844569607021425,0.4187050892455264,0.4455558562213208,0.542452199289395,0.0816108609357415,0.6026707648825621,0.5743157061839267,0.5885791007026149,0.6348137559941809,0.03606560461615012,0.1474233798879086,0.14242727218008247,0.14814734250449987,0.15156815917649796,0.0037168527010319375,0.8963215562238296,0.8376147569400169,0.9310531417518866,0.9397131311642082,0.07891586486933196
IO,mh,50000.0,3,50000.0,0.6207346916329841,NaN,NaN,3.036811494408006,0.9320111106649032,2.9385360269879195,5.246062713127793,1.8261333258484345,7.738944029210684e-5,7.517224567657245e-5,7.730703384777465e-5,7.964537020709899e-5,2.257460639013625e-6,-0.0024587606930701355,-0.002515086244192456,-0.002458400380946778,-0.002401884912042996,5.8300748185997444e-5,-0.0025361501333622423,-0.0025924946872849975,-0.002535740992801087,-0.002479223719064098,5.8401048853554996e-5,output,-0.008723425334281262,-0.9728720330865572,-0.01459968172289372,0.9557478644297213,0.96263063356852,0.588810351651866,-0.35231986365560886,0.5837097239003128,1.5463100113336417,0.9308664932256748,0.03671773128273638,-0.201232649035489,0.035369154186299934,0.2846374396711656,0.22597548279387838,0.8608478642983463,0.7320563612632677,0.8521580261784113,0.9882201945496538,0.13161556426332238,111.69206796960961,1.004332714538152,0.807153447320975,1.0052752925248236,1.2003815558584716,0.1977881975281527,0.08578599104909986,0.0825782941222283,0.08577152553621958,0.0889659680374781,0.00332643821373308,0.9241654120462984,0.881538677166155,0.9258831698884588,0.9688921729418591,0.042160648940259934,0.3218873335033829,0.2846558495768325,0.3184821483631697,0.3582298891037186,0.03909112499193199,0.021928096488462938,0.021089333518825325,0.021923522210154013,0.022759486222480824,0.0008702359338904075,0.5435017813920161,0.3724766690408373,0.6084131407666961,0.668808519793259,0.1306378276156892,0.4798373221080304,0.3979285346898301,0.4673129949542151,0.5581903597900858,0.089913756394985,0.6026476101781073,0.5627705144648907,0.5996362573452232,0.6416562463989072,0.041683677459253256,0.14859936709509314,0.14573701417472948,0.14861236807230194,0.15144067486145868,0.002961082031571671,0.8298649981641221,0.6564501830142283,0.89467927819515,0.9575902318923473,0.13285556597239984
IO,mw,50000.0,3,50000.0,0.600259721615938,36779.0,13221.0,3.079609346774752,1.0417235655290624,3.0086644140401946,5.152507064626785,1.7768186538279507,7.726733608824822e-5,7.489492303796762e-5,7.726834669188141e-5,7.958579340663811e-5,2.321392168013241e-6,-0.002459723491451762,-0.002516423098689023,-0.0024596399981663968,-0.0024022978376568773,5.68773608186246e-5,-0.00253699082754001,-0.0025912578994805304,-0.002536791401158106,-0.002479765663466445,5.686310464924038e-5,fresh,-0.03198238994932177,-1.06005831293223,-0.020208631503334296,0.9646995375805667,0.9978907175020227,0.633579406142529,-0.2640038202656232,0.6721070779757228,1.539755737854418,0.9074348640766509,0.04939887843267375,-0.18809392461544716,0.05567414545105043,0.30365661769360297,0.223049470262439,0.8638787546205745,0.7330270989487466,0.8594606185056177,0.9915191253562544,0.1308658815346752,908.9763573180435,0.987928149193913,0.7781012438816128,0.990801233893935,1.1928988765426394,0.20152728550826418,0.08569087069550918,0.08263276907539677,0.08559945815291554,0.0887944411175552,0.0031057517062955432,0.9235828258134766,0.8825517702192048,0.9244576836632432,0.9687988734541677,0.04178192371557697,0.322544402850851,0.2862520786102186,0.31841219854489594,0.35796564462152636,0.03813726929180392,0.02190312388680493,0.02110355218361579,0.021878534824286398,0.022714561587501184,0.000812020274936743,0.5367150172461022,0.3660657671348927,0.6025113961519438,0.6676146417240248,0.13325277128543814,0.48101193811017284,0.40105486829697534,0.4671624079320756,0.5575490495528214,0.08745198648290832,0.6033821454840196,0.5645377011997519,0.5995611835909287,0.641380670845004,0.040660364069564386,0.14851754257666594,0.14578648558103335,0.14845868106203264,0.1512899856773099,0.0027751696105771887,0.8229382543159286,0.6498081813816761,0.8886416604918814,0.9563224558833378,0.13553204319547954
IO,ns,50000.0,3,43562.333333333336,0.8040380475481128,NaN,NaN,3.26474010905533,1.2248635734219833,3.814866519477627,5.268461322306906,1.7759582145850108,7.775988509856781e-5,7.563401537736441e-5,7.682974868102992e-5,8.01030721619926e-5,2.4882455141568433e-6,-0.0024650520202606917,-0.0025237535485410903,-0.002485994209812017,-0.0023839750609156115,6.905278478946474e-5,-0.0025428119053592605,-0.0026028669164003394,-0.002564510257983458,-0.0024627201543331086,6.991086263736246e-5,output,-0.10542932764658842,-1.4209941725954964,-0.43364289164999636,1.0916488424666513,1.1620599468082093,0.7740308179761237,-0.2534368001616034,0.7116972819136582,2.1362396170213227,0.9553940057683856,0.12349812315111434,-0.27566606779389,0.15783149913006533,0.46495381624068133,0.2954940975542066,0.8650283716408473,0.7132778798951469,0.8883716251536833,0.950758379675143,0.12686227957011673,18.90691775987382,0.9396101284826086,0.6250137769745279,0.9013863443626187,1.174454232989671,0.25770265954197974,0.08495053261992193,0.08155371350036605,0.08532257301514609,0.08847204612603318,0.0035365950780662744,0.9225951657929391,0.8828260809001724,0.9093624149424364,0.9743064070122607,0.043830646538839745,0.3413294638962572,0.2905671279916556,0.3205479279184648,0.39064677688977373,0.056089830505980265,0.02170980269040956,0.020821983366402248,0.021806151496891926,0.022630134519896924,0.0009241225960644238,0.5813260679010499,0.40822835439034294,0.6217495572523388,0.6600186359998735,0.11285955533989589,0.5304250733429225,0.4095766343178949,0.4717741561026524,0.6410842875267923,0.1441055492727561,0.6229049147700695,0.5693002407241139,0.6018513891688412,0.6751538502215766,0.058560474909939514,0.14784770484033835,0.1448037581926419,0.14821107877479228,0.15100640048391273,0.003178630548720028,0.8681150527797797,0.6931032768226368,0.9083841278094773,0.9482825774887409,0.11494712837731212
IO,is,500000.0,1,500000.0,0.5966706499883453,NaN,NaN,2.7030992530206905,0.19083482138413288,2.5796813034252457,4.764831658060412,1.8665525318183642,7.733805604836142e-5,7.555854165593186e-5,7.739685086191809e-5,7.965347833391869e-5,2.1701107801395973e-6,-0.002471409116504135,-0.0025302932966479313,-0.0024927117223292284,-0.002394388507391731,6.32840596550633e-5,-0.0025487471725524962,-0.0026076901475098496,-0.002570489333752379,-0.002472369582719565,6.317619639276192e-5,output,-0.0394992189700685,-0.7954039232076617,-0.4468235331377439,1.0166375605031135,0.9406660061386308,0.4649829701551624,-0.32604563498809425,0.3515429600968667,1.3903819945046108,0.9565396180907334,0.033227195274627065,-0.29647324010490417,0.026016012784898623,0.29478243582070296,0.24288784807582045,0.8345166720207478,0.6865754940385504,0.8302574080973522,0.9819869529073644,0.14499745794442154,25.925713940660728,1.012668630763553,0.8750454835404575,1.028286069502201,1.1814771155847836,0.1758814867519819,0.0858048468602151,0.08222342770231118,0.08546291504987313,0.08925488348385768,0.003145325722358301,0.9267271368986756,0.8871279184762796,0.9340998800559994,0.9747952070788314,0.0405477259070928,0.32008965169297643,0.28672856728379403,0.3159984292438455,0.3588369826743626,0.0397942266092982,0.021932942152059196,0.02099671914023157,0.02184283834963664,0.022835165661764658,0.0008224874222995968,0.5422087677855569,0.3788152853873699,0.6231146144573172,0.6679822025719693,0.1285948509752859,0.4761692333528141,0.4019908188274192,0.46198494675167706,0.5596657526678811,0.0926325312512764,0.600704127249377,0.565064649135088,0.5969678930101814,0.6422892028504875,0.0423769842758747,0.14861882020908418,0.14541437820854677,0.14833662394393898,0.15169419576832466,0.002806418678310534,0.8285964243998911,0.6629944853607521,0.909792046260478,0.9567126455147087,0.13066973714764255
IO,mh,500000.0,3,500000.0,0.604997608207971,NaN,NaN,2.9978204166082354,0.9277272928096235,2.8856886026414004,5.179372941011037,1.8076869363517836,7.738274589947654e-5,7.511442536845271e-5,7.734885896472074e-5,7.965486746863171e-5,2.273592397807378e-6,-0.0024577438443134317,-0.002514939103325429,-0.0024571269972770253,-0.0024005415261806867,5.735661891050421e-5,-0.002535126590212908,-0.002592411634011818,-0.0025344467815792394,-0.002477885642677961,5.742781431247183e-5,output,0.005018613192411579,-0.988290926307172,0.005388721029686128,1.0044097169325017,0.9912428562364852,0.6073591225535928,-0.3126011357898548,0.6137785480265667,1.5365245171338255,0.9209374438711784,0.0380511924395925,-0.19783080705282802,0.04216834457202667,0.27700956623279316,0.22318663466994837,0.8637232885125071,0.7328870833097321,0.8550869387972747,0.9945288062035603,0.13237767400649372,1137.7616470771727,0.999787065818735,0.8029031721036501,1.000136927346905,1.196386998283339,0.1961005017103788,0.08574967182866439,0.08260202235033443,0.0857425312926591,0.08890176416160897,0.003180280502075214,0.9253271210518504,0.8828645667874658,0.9270885364342959,0.9695048603624736,0.041668258206810534,0.32221761402778387,0.28554671513723856,0.31897645599237556,0.3580156098842994,0.03884918800535501,0.021918531492115225,0.021095526840251375,0.021915941306515405,0.02274267008290197,0.0008315721124956917,0.5389700521593299,0.3713110211266114,0.603092801773279,0.6672787664979825,0.13095630863664678,0.48050252131057336,0.3996716387021566,0.46837801541381735,0.5576702726678084,0.08950221324618748,0.6030109753760833,0.5637571583948534,0.6001666487732057,0.6414327821162679,0.04141278118721172,0.14856898399073437,0.14575856477998292,0.14858648081049558,0.15138428607815177,0.00284021364979914,0.8252499059708824,0.6552442824378735,0.889235758928277,0.9559659973103829,0.1331522497837755
IO,mw,500000.0,3,175113.66666666666,0.608429573442451,115113.66666666667,60000.0,3.009764331387463,0.9493043351677931,2.8995635624646274,5.185460347598564,1.797254073810281,7.738659719840537e-5,7.513623439196217e-5,7.734357616957166e-5,7.965931462709905e-5,2.2644081252629254e-6,-0.0024589062485868853,-0.0025169378061882367,-0.002458487438711128,-0.002401433150407547,5.713632327707725e-5,-0.0025362928457852906,-0.0025942101495572147,-0.002535924774858033,-0.0024787352963654284,5.7197191079862234e-5,fresh,0.008825744401765728,-0.9781253017609393,-0.0017171506672966075,1.0036019859387775,0.9843185727338921,0.6274672966240544,-0.2915731988523729,0.6329815008624458,1.5622410484125515,0.9173938817430349,0.03879145224175971,-0.19757596599341443,0.044175871603687855,0.27727146804529534,0.22306610014223713,0.861993646224601,0.72943354514628,0.8533830506656382,0.9925357359231498,0.13208499601869234,18868.484855473238,0.9986192327927561,0.8006379797494172,0.9979492671022431,1.1940306021465807,0.19534432148974665,0.08571862350365386,0.08257858383751457,0.0857108977845605,0.08888043519321913,0.0031722741459311267,0.9243826719923971,0.8817191332686938,0.9260362848853851,0.9688071990669409,0.04206229077649327,0.3236235243767245,0.2860473416882959,0.31982709815501875,0.3598028142379901,0.04013561638838637,0.021910409860039722,0.02108940913713199,0.021907670471633823,0.022737083776986484,0.0008294117742876369,0.539894121463562,0.3707925088224909,0.6055007493638315,0.6675662311209853,0.13157807976464506,0.4840012794725156,0.4006530942327701,0.47021440767117,0.5620187377264495,0.09381346370026565,0.6044887786123065,0.5643112023739261,0.6010788757835631,0.6432956946452124,0.04266907924151009,0.14854134365564758,0.14573727731881517,0.1485582325790721,0.15136554927146864,0.0028346756143375817,0.8261770585173132,0.6547076160522041,0.8916978697677351,0.9562710729742214,0.13381655610300427
IO,ns,500000.0,2,343019.0,0.5542311538132112,NaN,NaN,3.1276853144246157,1.374716783232378,2.7887558798012364,5.117424898873212,1.6892936743837117,7.763340870848946e-5,7.526761548288875e-5,7.765243692216543e-5,7.99798669943722e-5,2.245222746390032e-6,-0.0024525041732971877,-0.0025165590615192196,-0.002446700959952934,-0.002396620792783579,5.5897138623469234e-5,-0.0025301375820056776,-0.0025958113131964076,-0.0025237764022251804,-0.0024753152924761697,5.5918700385811226e-5,output,0.057196977743603,-0.7481136754107993,-0.07562454873266278,1.0301974327110708,0.9029078033291572,0.5692398246172748,-0.2795182528666973,0.6461701876097328,1.3899200297873495,0.8854375728445459,0.02629160588844335,-0.22153049860906887,0.05069013229095065,0.27813794445633366,0.22035144041900026,0.8675616075342997,0.7275491158767937,0.8524025049237104,1.007869224566679,0.13529809447253222,151.0605222338965,0.9916685360593783,0.8173956738135306,0.9723298323180177,1.201604358063307,0.18570274832973355,0.08573643054594643,0.08253673617151222,0.08559860565457272,0.08887841209996405,0.0031034928605546412,0.9303867645818383,0.891792787111757,0.930219812626503,0.9717443175612218,0.03821860109451299,0.32021762281077526,0.2873080875965966,0.3181407929329445,0.3520743611426719,0.03555111852755384,0.02191503490472803,0.021078486641994815,0.02187831194730685,0.022736553908631104,0.0008114883646589369,0.5197670585341234,0.3606164551887133,0.5657453553834948,0.6540843666082984,0.13043225157701208,0.47524671665624374,0.40313083759812934,0.4665784221076857,0.5433869876851687,0.08043525967817249,0.6009558340250413,0.565705186869014,0.5992698554623784,0.6352248795278064,0.038009624217841494,0.14855830697838587,0.14569926335334857,0.14845791927989152,0.15136377194434503,0.0027711473159110476,0.8056524118320407,0.64414312956902,0.8513344622473517,0.942031903336328,0.13247790672867926
IO,nuts,500000.0,2,450277.0,0.623749579021144,NaN,NaN,2.8423131721196193,0.931780530864913,2.600612503209088,4.957501211953567,1.74195219846284,7.741671942855397e-5,7.51290933635315e-5,7.744498342816345e-5,7.968821383710402e-5,2.2989318218544956e-6,-0.002457194757542202,-0.002511542303939431,-0.002458232882404271,-0.002401008690738302,5.6830613013041414e-5,-0.0025346114769707563,-0.0025891872956197914,-0.0025350277219238666,-0.002478829389278787,5.682663014261878e-5,output,-0.008441175389287691,-0.9214720186593532,-0.028612159292924044,0.8978058227124546,0.919322538944717,0.6328051827376892,-0.2774994800281152,0.6618040447506353,1.518373808355384,0.9097134691949329,0.032800601837058664,-0.21296807210732066,0.03464895445948146,0.2783502970336994,0.22502722163088176,0.8597555140830291,0.7282394168925483,0.8550354112271746,0.9882356053299396,0.12891234902204812,98.0409449165995,0.9976890480159515,0.7956069441804956,1.0035472487359192,1.1969689127064367,0.197662137522533,0.0856782115829115,0.08249551161259819,0.08569692727109592,0.08891981161163029,0.0031346663270134783,0.9237293396459461,0.8820472947721041,0.9255146061736294,0.9658007755879869,0.040474054752192054,0.32402412339136016,0.28681397234282546,0.31992215956144576,0.35977255605777125,0.03980696348742459,0.021899826862786343,0.02106772702515604,0.02190401781417779,0.022747396971905007,0.0008194818109321613,0.5420164328231283,0.37101711028117684,0.6081990791288088,0.6673209059451027,0.13153814831193675,0.48477227701031533,0.4021587092571248,0.47041991451322857,0.5619449142049517,0.09270270463546396,0.6049260274010135,0.565159070737916,0.6011807794606472,0.6432641716373242,0.04233203599373226,0.1485057429549583,0.1456618068356014,0.14854575562368352,0.1514001385932481,0.002804370629151795,0.8283248649978701,0.6549401001043378,0.894460010644881,0.9560107142240657,0.13374119488253147
IO,ns,4.0e6,1,850365.0,0.5799615043364681,NaN,NaN,2.8784786566415623,0.9160292931012324,2.6551173512162736,5.04954581027248,1.7774065504820458,7.747133441249908e-5,7.543526313849611e-5,7.747996992849e-5,7.9525839816538e-5,2.0519749629203657e-6,-0.002459497013554457,-0.002513254239855816,-0.0024591910239924685,-0.0024055579156746013,5.32085639681353e-5,-0.002536968347966956,-0.00259053023076141,-0.002536841660918626,-0.002482850708403078,5.321750365572812e-5,output,-0.003143791944490873,-0.8995251573972722,0.009947937793911343,0.8871067407349731,0.8938004127437091,0.503348484652673,-0.34965509399544636,0.4987377300815372,1.354532719933757,0.8378198544813671,0.01790817918880271,-0.1801917919987301,0.014630104055938786,0.22315509425365265,0.19505457710597301,0.865543649733165,0.7463648492246671,0.8567300700933947,0.9874859639028943,0.12200831712211074,18398.09503383681,0.9982205945711842,0.8124083330690262,0.9960910600288656,1.1831931518560317,0.18285096663488085,0.08571098057544564,0.08293256317093604,0.08573617954964646,0.08846166939128164,0.002800111628619474,0.9256708323312479,0.8856231557158151,0.927104148504765,0.9660997124320316,0.03899326075817887,0.3184194505182127,0.28410409054932984,0.315391089522696,0.3526115783805205,0.03506660736788284,0.02190825265759965,0.021181809861753484,0.021914280580784984,0.022627417364403313,0.0007321060230738516,0.5329412344299638,0.3693353780990572,0.6007359117636978,0.6656348954278095,0.13227685735387815,0.4712102254647459,0.3968511159217714,0.4606879704542666,0.5446677243600409,0.07864758010347533,0.599035348234136,0.5621589689977136,0.5963145471911296,0.6357871750512724,0.03751876509414329,0.14853977597163087,0.14605847838933475,0.14858080918158767,0.15099726515493606,0.002501872448369203,0.8191285150238667,0.6531986408585054,0.8868283260620964,0.9542226816884125,0.1344192916639587
NO,is,50000.0,3,50000.0,0.8919494186682162,NaN,NaN,1.687585682684634,0.0912504923837954,0.12559845535173378,4.315237974107179,2.211260699956054,7.740076218457274e-5,7.576480371006745e-5,7.739685086191809e-5,7.890242247765163e-5,1.8939020459381725e-6,0.002505323507462814,0.0024697067033520688,0.0024964972671323404,0.002552557552898823,5.060786964505037e-5,0.002427922745278241,0.0023923098524901505,0.002417594844654689,0.0024742569027334524,4.998864451967312e-5,output,-0.38302487017821196,-1.1560654141768045,-0.7182513934917139,0.20016215942264193,0.7837743961954882,0.5172982935033015,0.021571153630768336,0.3046982289886655,1.3265399388994181,0.7211140989015831,-0.018110490173968707,-0.15456559733162134,-0.020878046381155424,0.10250969854701542,0.1520044504715604,0.8211543387195273,0.6865754940385504,0.7817413703561611,0.9583023858945164,0.12667514283658932,10.779237831393072,1.002615747061946,0.9424590944947574,0.969324072183394,1.1889131102880248,0.14601429707063104,0.08443224266435154,0.07897103770743638,0.08541087398739904,0.08883414457100572,0.003938406106204854,0.9370790168131469,0.9159361758019496,0.9340998800559994,0.9752905182151376,0.028429362024450483,0.3206835823657018,0.2951318723105417,0.3044647873611636,0.3568315907786586,0.04181437264610595,0.021574582179147896,0.02014873077885799,0.021829233951770905,0.02272495994736057,0.001029036858039026,0.6010552307915994,0.5499192050033568,0.6283550933387536,0.6436036186971236,0.07428382143084675,0.47826037988962494,0.4187050892455264,0.4377417301505624,0.5548027323211668,0.10084763717034859,0.6013324517075497,0.5743157061839267,0.5845009857003115,0.6401974752470337,0.04400120818834669,0.1473749047955404,0.14242727218008247,0.14829008070503202,0.15132487748053325,0.0035425618781524536,0.8877613046583386,0.8354006726136489,0.9152065500972641,0.9310531417518866,0.07528394449465042
NO,mh,50000.0,3,50000.0,0.6236148918034589,NaN,NaN,2.8943169016130934,0.8750797027981662,2.6788999855257005,5.153344982482915,1.8162546054263053,7.738362592876563e-5,7.514130484176552e-5,7.734556522663129e-5,7.963252880685938e-5,2.2620458122443883e-6,0.002525568217956094,0.0024708128054494465,0.002524414559810806,0.002579991617283194,5.597904789608446e-5,0.0024481845920273286,0.0023934053353761877,0.00244708794240676,0.0025026551834406194,5.59559367195044e-5,output,-0.002640288639012914,-0.9792641498825803,-0.008046780621111527,0.9802133300174365,0.9659274622294328,0.5539334146162656,-0.39067101180435726,0.5542166178338914,1.5197871512723173,0.9522919794712353,0.036018507901408064,-0.20893164860953545,0.043630981218139464,0.276765156424045,0.22625991228475217,0.8610826969313239,0.7293510986778378,0.8530977206006263,0.9933702196557049,0.13379458287125678,159.0250990493102,0.9936283551102736,0.7964281969692405,0.9921677382302686,1.1886604774634077,0.19562172115587625,0.08560758059618725,0.08245282690462793,0.0856016494635323,0.0887355272921932,0.0033054896629104266,0.9388649536787952,0.8976119798758443,0.9421251799301349,0.9821550429681029,0.03968175840879045,0.3196208053686038,0.28306182383551837,0.31647546554799594,0.35541455684508344,0.03888021716427639,0.02188144003742267,0.021056586563879112,0.02187910772052962,0.02269913243641417,0.0008645636266537524,0.5406712504243693,0.39004121468724245,0.5902227625348782,0.6555808816395574,0.11674592485058884,0.47481346894888843,0.3948204088529074,0.4630052757385232,0.5513847087602701,0.08875337026169859,0.6002133621374401,0.5610027874913426,0.5974808280224608,0.6387178594192338,0.0415460143571554,0.1484401881518777,0.14562301465419974,0.148460639174746,0.15123819862435478,0.0029490780990081406,0.8268279769419992,0.6745331775596123,0.876117859831272,0.9436057821872277,0.11847489076750957
NO,mw,50000.0,3,50000.0,0.6051149097243204,38441.666666666664,11558.333333333334,3.038349005913701,0.9198777883688903,2.900872834984626,5.302561543132144,1.8506819264541026,7.74482774673191e-5,7.51746615275774e-5,7.741737650352959e-5,7.974443387050649e-5,2.2662929977695092e-6,0.0025245552477796097,0.0024705919043881462,0.0025242626835817006,0.002577992644106871,5.417271671318531e-5,0.0024471069703122907,0.0023929276870829777,0.002446593415468322,0.0025003750561702555,5.412404095294402e-5,fresh,0.029916520554624165,-0.965991705739583,0.030961178833535108,1.0218021681297396,0.981578101019422,0.5661408653222819,-0.3514476692017241,0.5657993151675509,1.4798475343050015,0.9119929608011776,0.03716856698634764,-0.19914976908789717,0.04262023576426288,0.27793960928986317,0.2232043847999793,0.8606721800715584,0.73049990109054,0.8542224275812473,0.9892264823046341,0.1311105210225282,8603.714825871471,0.9946216625148459,0.7950558807570405,0.9979590400966626,1.1952240964849414,0.19640141106707473,0.08555750412724192,0.08232844274349405,0.08557406403670895,0.08874927949749445,0.003187055810857678,0.9397838388638864,0.8991653610291909,0.9429052429468473,0.982299670377652,0.03943989268628651,0.31947468991312455,0.28371537347000475,0.3164449049641748,0.35540270307273336,0.03719636188633204,0.0218682924759449,0.021024124496727404,0.021871895836667262,0.02270273400570752,0.000833203649146028,0.5352824028796888,0.38628745909532425,0.5803284943337941,0.654379065321681,0.11751251989070678,0.47403049540199854,0.39609306546819195,0.4629398672649641,0.5513561796906439,0.08411015709172592,0.6001064924865513,0.5617279170375276,0.5974479738748619,0.6387054765764546,0.03977235279431664,0.1483971068461939,0.14550992125014292,0.14843598771449779,0.15125028862104567,0.0028502690608231125,0.8213630160160149,0.6706818360534645,0.866076289403917,0.9423417093751437,0.1192387348850162
NO,ns,50000.0,3,41909.666666666664,0.45403363227530885,NaN,NaN,3.7346727268581814,1.8483336378814095,3.907397883331945,4.936957438540762,1.410641584823714,7.715079447321858e-5,7.393812751206706e-5,7.666757509208503e-5,7.876973697640447e-5,2.6518856791021422e-6,0.002519761654140704,0.002477622717845261,0.002523375385995358,0.0025396805318042034,5.3129065988314936e-5,0.002442610859667485,0.0024014975306260477,0.002446707810903273,0.002461428352368106,5.264632001340496e-5,output,-0.49925193029335624,-1.403623951164769,-1.0830857474645494,0.34543663213926923,1.1837060679255322,0.3232411686731497,-0.3587378187803605,-0.0355341411905421,1.3408522493830164,0.9002566740842469,-0.01910644047364578,-0.3673565541874433,-0.11713865832705861,0.27453940867138626,0.2633092695356931,0.8367879523599905,0.7526005385592598,0.7954532167992452,0.9985632044351717,0.12831938060867876,14.337566593171722,0.9776301123561836,0.8168394581443104,0.9728026941532897,1.05704177701398,0.19692834706563583,0.08654406042594506,0.08188277593730592,0.08804759575001112,0.09002601169410661,0.003953410800331158,0.9445207476448382,0.9133915034830908,0.9468433468666183,0.9937477618932945,0.03799939549622745,0.31600608683482423,0.2696632364717728,0.3199089714384374,0.3347823760532131,0.04201754421593844,0.022126672674416925,0.020907831398097765,0.022519004501229168,0.02303721625636938,0.001033404223846274,0.48911307905677326,0.35285339239646973,0.47502081520506995,0.6414969411714748,0.1172658860929572,0.46782100458666637,0.36923136002224616,0.4703914005674592,0.5032674481276124,0.09524704820871385,0.5962050884708663,0.5460212167101582,0.6011666425702644,0.6170158187310217,0.044996402356630945,0.14926371344523054,0.14510406905040607,0.15063233282649396,0.15236904858221345,0.003540562325804926,0.7743465116464102,0.6360402136915906,0.760408576245788,0.9288552440761204,0.11893100922817293
NO,is,500000.0,1,500000.0,0.6581153430149452,NaN,NaN,2.1613217494842756,0.0912504923837954,1.8538377891915254,4.764831658060412,1.9975583841960802,7.732560671538791e-5,7.568408111859629e-5,7.739685086191809e-5,7.922834641394337e-5,2.0976916898519454e-6,0.0025044475495245005,0.0024697067033520688,0.002486002573352036,0.002544686315930856,5.066835459028821e-5,0.002427121942809113,0.0023923098524901505,0.0024075582821155147,0.002466238059123043,5.114195290360547e-5,output,-0.2222373349600271,-0.7182513934917139,-0.45360134357786475,0.635958512974454,0.8949759087419437,0.3629906237248374,-0.10324781582844711,0.14192344514507527,1.2329439376628573,0.7958789700423945,0.02870850288807568,-0.14361932456731008,-0.020878046381155424,0.20217219100913086,0.19864231613723513,0.8214629526233066,0.6865754940385504,0.766359288646002,1.0490001567334333,0.15053551886713315,9.846483951511697,0.96266240866746,0.8235113220374336,0.969324072183394,1.067764379936544,0.1678085903424923,0.08515969869922904,0.08222342770231118,0.08541087398739904,0.08713952028819975,0.002694481303529799,0.9432499455541223,0.9165897233259678,0.9350524176563536,0.9842813627888836,0.036525585961793526,0.31477470270781505,0.29474664903084485,0.3050353100975082,0.3437252057240208,0.03512579587939674,0.02176409671017138,0.02099671914023157,0.021829233951770905,0.022281338099556697,0.0007043647878937454,0.5461279755187444,0.3890761056071594,0.6004836453732235,0.6304678621212648,0.1098167723347011,0.4634414881178124,0.41793016456540855,0.43892202658570567,0.5237519537882421,0.07967195729873015,0.595117731949967,0.5738933265301884,0.5851207130007093,0.6264602097119155,0.037519204901957676,0.14804797280429574,0.14541437820854677,0.14829008070503202,0.14982930041868867,0.002411746060212719,0.8322927771365206,0.6735436267747958,0.8865707921116109,0.9173938537849793,0.11130720600275881
NO,mh,500000.0,3,500000.0,0.6089502507257858,NaN,NaN,2.9849782060282224,0.8971191962628462,2.82053820437289,5.251261385916955,1.8402860085525352,7.740649116672811e-5,7.51399768201293e-5,7.736209285105539e-5,7.967279415591153e-5,2.2798109499923063e-6,0.002525912557694923,0.002471188865596519,0.0025250579067647317,0.002580837569948398,5.502143527358955e-5,0.002448506066528195,0.002393760253506626,0.002447617125431789,0.0025034314331997694,5.5001703126541674e-5,output,0.0089838622244371,-0.9660760001192412,0.0036270398610565024,0.9892258746008862,0.9821374206504846,0.5495734492277289,-0.3703802046687632,0.5551128047490526,1.4766233555269395,0.9197009145434404,0.03220545159532039,-0.20746050793847393,0.03558166933476714,0.2751339376185493,0.2256704884547802,0.8623246203357524,0.7307936579873575,0.854194446878505,0.9935091006970547,0.13235634362418708,1932.7216022154503,0.9983652589578114,0.8029338572852871,0.9979118630619054,1.1929015640624332,0.19500038479807505,0.08557275318615282,0.08244070195992102,0.08557219943604842,0.08869860157949133,0.0031610797627801604,0.9392560694848033,0.8985678888497464,0.9425079276704585,0.9820533613332928,0.03945412958026241,0.31905509330003223,0.28312193715997674,0.31638417555004067,0.35418843018948315,0.03756669900793912,0.021872267421821846,0.021053422070874652,0.021871408362783753,0.0226894620845595,0.0008264642230341861,0.5363694131714102,0.38604160124339676,0.5834200303635652,0.6548214563156982,0.11774229662430846,0.4732191834960845,0.3949373705736585,0.4628099061407845,0.5484392766351388,0.08508888134987079,0.5996431928661154,0.5610695058410147,0.5973826842051269,0.637436514374797,0.040182915384719645,0.14841114953743492,0.1456119937473456,0.1484343213015163,0.15120573188332886,0.002825973711838994,0.8224692432117064,0.6704293473732658,0.8692101311513516,0.9428068959927556,0.11947731771394443
NO,mw,500000.0,3,177821.0,0.6027489318171897,117821.0,60000.0,3.000491487536365,0.8644064323779507,2.854551882976585,5.278187879952665,1.8536344286906814,7.744489286287012e-5,7.517316490556223e-5,7.739258330186542e-5,7.972912993957845e-5,2.283961471169002e-6,0.0025265639621627105,0.0024712452470005255,0.002525182195153074,0.0025818796697130854,5.586432621947049e-5,0.00244911906929984,0.00239391662911519,0.0024476540277045635,0.0025043173403416965,5.58346372790326e-5,fresh,0.020137827142221454,-0.983629013098938,0.022927617644913134,1.0189154092218713,0.9975465442912026,0.5675789152907968,-0.34515568315924394,0.5772123143503713,1.483902035502652,0.9094359457998527,0.03450311522485461,-0.20062366340154064,0.03457858420762239,0.27428742860128874,0.22309815754419,0.8633806874705999,0.7311631758530064,0.854645196730281,0.9962435510898263,0.13302727356359278,12032.045301341775,0.998525804483485,0.8012861097111186,0.9995235186250491,1.1933490640193816,0.19602586043857553,0.08553980333266413,0.08237202057407339,0.08554935325411973,0.08874550135670863,0.003192954704839586,0.9393560161348358,0.898884974888923,0.9425865234079882,0.9825426890817032,0.03958298301240074,0.31972218414916953,0.28394625116371436,0.3170908200331375,0.3543211692759075,0.03714096901276573,0.021863667581863283,0.021035497289745225,0.021865435586936398,0.022701744544542837,0.0008347386219839384,0.5345146984575344,0.38466734122789736,0.580269230247615,0.6542561131196847,0.11819361893383483,0.47454994656485094,0.39654320869791876,0.4643235577072255,0.5487576058186024,0.08392086566537842,0.6003732444228117,0.5619839609187205,0.598142183725486,0.6375752795107275,0.039721280755387986,0.14838118873541417,0.14554955222232857,0.14841390209511787,0.1512469672227579,0.0028557926104262926,0.8205844658830421,0.6690174714936623,0.8660162459503402,0.9422124466289051,0.11994107478684993
NO,ns,500000.0,2,345312.5,0.5885032463562957,NaN,NaN,2.939849962876754,0.981079137012205,2.9173228398040285,4.951762227855795,1.7112778850290924,7.747934671009039e-5,7.512287268950604e-5,7.746160460373886e-5,7.998241431734948e-5,2.2866353746539747e-6,0.0025241497251421593,0.0024705355557214648,0.002524186884422277,0.0025776645008090343,5.412833881344774e-5,0.002446670378432069,0.00239359706681755,0.0024450003831637244,0.0025011357390282434,5.4120923762659055e-5,output,0.05742356411689199,-0.9533490242936526,0.12372978260433865,0.9795643369081573,0.9665877108976756,0.5637694655553922,-0.3541830918686264,0.6083041675629266,1.5010427324000064,0.901247309307542,0.023514252703796742,-0.21216665250365674,0.01829595050609434,0.2568869899757472,0.21553094353209643,0.8740267944722737,0.7548096386492485,0.8666177630281856,0.9983257973661328,0.1257230017625784,369.8598186567316,1.014516317664715,0.8191369579977514,1.0269758970834353,1.2135963025508512,0.19000284067365508,0.08543019599316051,0.08226656660764488,0.08539993070063165,0.08842567908439065,0.003161231446761967,0.9397647021882933,0.8950454412580692,0.9421781912727388,0.9835643817556928,0.0396721297676964,0.31955508114776604,0.28527437275030426,0.3181190715777805,0.35248886001364493,0.036126793083789716,0.021834999116590523,0.02100797673855906,0.021826373244150904,0.022617993396376178,0.0008263969257483323,0.5354411424250148,0.3924294726956291,0.5736216414882436,0.6580140445508156,0.11748510491350181,0.4739268891815819,0.39913830129200206,0.466531704169913,0.5443749740291309,0.08134403695692598,0.6002225342800696,0.5634556343528153,0.59924653678889,0.6356587451838124,0.038667840625788534,0.1482836187456578,0.14545363284932641,0.14828029187468902,0.1509655767471673,0.0028289295603206857,0.8215954549805593,0.6769800311804055,0.8592884610104101,0.946168205311779,0.11919526001587205
NO,nuts,500000.0,2,455655.0,0.6499658002735984,NaN,NaN,3.0106632003295224,0.9903060580998594,2.832435634458211,5.207697883714458,1.8171649111942954,7.736839635387907e-5,7.519209489752042e-5,7.73279744102606e-5,7.963712955758548e-5,2.233945512385084e-6,0.0025244711121014977,0.002467418062449746,0.002524130159774975,0.0025816665294708875,5.840458179502655e-5,0.002447102715747619,0.0023907919862024623,0.002446822435475861,0.0025045179899142126,5.83010565548271e-5,output,0.011007195873577489,-0.9417788978429664,-0.006616777900716908,1.0076734058741188,0.9770214392577262,0.5634638961584229,-0.4018445217871358,0.5602802329772358,1.5528336363089403,0.9456923917828397,0.039477555442443205,-0.1953202210999032,0.043643350336422526,0.27755861820155314,0.22153267795186815,0.8602094700031577,0.7332222119731668,0.8533392678615574,0.9902649263144673,0.12835485486925827,205.7984461692626,0.9991191158907827,0.7978611399280392,0.9985362251232802,1.1960319450976271,0.1976065331499185,0.08559305414428468,0.08258686459856832,0.08553250112190064,0.08871521737982499,0.003164905943384553,0.9393931491060926,0.8963092469404594,0.9424433410789179,0.9854909546579139,0.04071953086940927,0.3203947121530658,0.2823490957956843,0.31635262590001756,0.35942745868506815,0.03930162361654852,0.021877576507324935,0.02109157049561352,0.021861029909164546,0.022693813516895894,0.0008274161104935898,0.5453200495319446,0.39113226688859704,0.588664897284464,0.6571261136154962,0.11444564576207869,0.4765863039296714,0.3934351564828507,0.4627423989106867,0.5611034434090091,0.08933245670292646,0.6010301161142044,0.560211420255376,0.5973487641197623,0.6429046076697833,0.041982622539831954,0.1484292154771649,0.14574479843334737,0.14839883859990327,0.15122034199417042,0.002830521954861382,0.8315434999260134,0.67565132980619,0.8745344527267873,0.945232600598332,0.11616021425517435
NO,ns,4.0e6,1,844282.0,0.6168372995150919,NaN,NaN,3.0403181247467446,1.0838122124811063,2.909538620456052,5.152377108397483,1.7467483359479246,7.741071645097398e-5,7.541680443336142e-5,7.731902344091735e-5,7.94717962757107e-5,2.055476180777553e-6,0.0025260045782236756,0.002475953473535346,0.0025254423269668526,0.002576020883520651,5.029914673640227e-5,0.0024485938617727016,0.002398652663297878,0.002448072407408999,0.002498909755612746,5.025876586695916e-5,output,-0.018850801795041835,-0.8936423951315793,-0.02010308433966923,0.8408833674170655,0.8772904482206408,0.5042130580378646,-0.31296626854094267,0.5276883128860503,1.305412567713221,0.8087848959532928,0.0349768027016024,-0.18458080265511567,0.03946159719046938,0.25413100384591214,0.20699764497577083,0.8598612902912328,0.7398254177231751,0.8531984383610919,0.9786497949080015,0.12081545248579745,18910.70591354663,0.9993646501306701,0.8152241507259019,1.0006440348678751,1.1828691572371732,0.18012769343607576,0.08547598158663942,0.0827391310495481,0.08545986603300691,0.08823775709592863,0.0027897586451997784,0.9400676001373283,0.9018865254963674,0.9429008161283099,0.9795626790578036,0.037027410488353285,0.31599579831923014,0.2854759430005195,0.31438088420048377,0.3456275102190697,0.03161478532350979,0.021846810413597165,0.02113131524643107,0.02184204127532472,0.022568789535059985,0.0007293090494770593,0.5378869625889078,0.38743916675597295,0.5893800672172915,0.6527589040451823,0.11639449313199793,0.4651985627649444,0.3995330041081137,0.4585357627228303,0.5281816024001533,0.06988018577898474,0.5965183948509885,0.5636788112874938,0.5952270661590451,0.6284615307258216,0.033935813294718,0.14832983679924772,0.14588303541613992,0.14833389739162106,0.15080002227981193,0.0024956226363540552,0.8239840193025013,0.6718642102754835,0.8752612349995763,0.9406392591351276,0.1180298906455371
